tsa,rac,tsa_counties,location,date,total_beds_available,bed_occupied,bed_capacity,icu_beds_available,general_beds_available,beds_picu,beds_ped,beds_psych,beds_neg_iso,total_er_visits_in_last_24_hours,covid_er_visits_last_24hrs,susp_covid_gen_admitted_24,susp_covid_icu_admitted_24,total_covid_in_hosp_at_time_of_report,lab_con_gen,lab_con_icu,total_laboratory_confirmed,icu_beds_occupied,icu_bed_capacity,vents_in_use,vents_available,bi_pa_ps_in_use,bi_pa_ps_available,anesthesia_machines_available,anesthesia_machines_in_use,total_covid_on_vents,bed_avail_rate,icu_avail_rate,vent_avail_rate
TSA-A,Panhandle,Armstrong,Amarillo,2020-06-23T00:00:00Z,400,666,1066,43,250,14,64,0,29,341,41,2,2,4,19,8,27,104,147,18,118,21,47,25,0,0,0.38,0.29,0.87
TSA-A,Panhandle,Briscoe,Amarillo,2020-06-23T00:00:00Z,400,666,1066,43,250,14,64,0,29,341,41,2,2,4,19,8,27,104,147,18,118,21,47,25,0,0,0.38,0.29,0.87
TSA-A,Panhandle,Carson,Amarillo,2020-06-23T00:00:00Z,400,666,1066,43,250,14,64,0,29,341,41,2,2,4,19,8,27,104,147,18,118,21,47,25,0,0,0.38,0.29,0.87
TSA-A,Panhandle,Childress,Amarillo,2020-06-23T00:00:00Z,400,666,1066,43,250,14,64,0,29,341,41,2,2,4,19,8,27,104,147,18,118,21,47,25,0,0,0.38,0.29,0.87
TSA-A,Panhandle,Collingsworth,Amarillo,2020-06-23T00:00:00Z,400,666,1066,43,250,14,64,0,29,341,41,2,2,4,19,8,27,104,147,18,118,21,47,25,0,0,0.38,0.29,0.87
TSA-A,Panhandle,Dallam,Amarillo,2020-06-23T00:00:00Z,400,666,1066,43,250,14,64,0,29,341,41,2,2,4,19,8,27,104,147,18,118,21,47,25,0,0,0.38,0.29,0.87
TSA-A,Panhandle,Deaf Smith,Amarillo,2020-06-23T00:00:00Z,400,666,1066,43,250,14,64,0,29,341,41,2,2,4,19,8,27,104,147,18,118,21,47,25,0,0,0.38,0.29,0.87
TSA-A,Panhandle,Donley,Amarillo,2020-06-23T00:00:00Z,400,666,1066,43,250,14,64,0,29,341,41,2,2,4,19,8,27,104,147,18,118,21,47,25,0,0,0.38,0.29,0.87
TSA-A,Panhandle,Gray,Amarillo,2020-06-23T00:00:00Z,400,666,1066,43,250,14,64,0,29,341,41,2,2,4,19,8,27,104,147,18,118,21,47,25,0,0,0.38,0.29,0.87
TSA-A,Panhandle,Hall,Amarillo,2020-06-23T00:00:00Z,400,666,1066,43,250,14,64,0,29,341,41,2,2,4,19,8,27,104,147,18,118,21,47,25,0,0,0.38,0.29,0.87
TSA-A,Panhandle,Hansford,Amarillo,2020-06-23T00:00:00Z,400,666,1066,43,250,14,64,0,29,341,41,2,2,4,19,8,27,104,147,18,118,21,47,25,0,0,0.38,0.29,0.87
TSA-A,Panhandle,Hartley,Amarillo,2020-06-23T00:00:00Z,400,666,1066,43,250,14,64,0,29,341,41,2,2,4,19,8,27,104,147,18,118,21,47,25,0,0,0.38,0.29,0.87
TSA-A,Panhandle,Hemphill,Amarillo,2020-06-23T00:00:00Z,400,666,1066,43,250,14,64,0,29,341,41,2,2,4,19,8,27,104,147,18,118,21,47,25,0,0,0.38,0.29,0.87
TSA-A,Panhandle,Hutchinson,Amarillo,2020-06-23T00:00:00Z,400,666,1066,43,250,14,64,0,29,341,41,2,2,4,19,8,27,104,147,18,118,21,47,25,0,0,0.38,0.29,0.87
TSA-A,Panhandle,Lipscomb,Amarillo,2020-06-23T00:00:00Z,400,666,1066,43,250,14,64,0,29,341,41,2,2,4,19,8,27,104,147,18,118,21,47,25,0,0,0.38,0.29,0.87
TSA-A,Panhandle,Moore,Amarillo,2020-06-23T00:00:00Z,400,666,1066,43,250,14,64,0,29,341,41,2,2,4,19,8,27,104,147,18,118,21,47,25,0,0,0.38,0.29,0.87
TSA-A,Panhandle,Ochiltree,Amarillo,2020-06-23T00:00:00Z,400,666,1066,43,250,14,64,0,29,341,41,2,2,4,19,8,27,104,147,18,118,21,47,25,0,0,0.38,0.29,0.87
TSA-A,Panhandle,Oldham,Amarillo,2020-06-23T00:00:00Z,400,666,1066,43,250,14,64,0,29,341,41,2,2,4,19,8,27,104,147,18,118,21,47,25,0,0,0.38,0.29,0.87
TSA-A,Panhandle,Parmer,Amarillo,2020-06-23T00:00:00Z,400,666,1066,43,250,14,64,0,29,341,41,2,2,4,19,8,27,104,147,18,118,21,47,25,0,0,0.38,0.29,0.87
TSA-A,Panhandle,Potter,Amarillo,2020-06-23T00:00:00Z,400,666,1066,43,250,14,64,0,29,341,41,2,2,4,19,8,27,104,147,18,118,21,47,25,0,0,0.38,0.29,0.87
TSA-A,Panhandle,Randall,Amarillo,2020-06-23T00:00:00Z,400,666,1066,43,250,14,64,0,29,341,41,2,2,4,19,8,27,104,147,18,118,21,47,25,0,0,0.38,0.29,0.87
TSA-A,Panhandle,Roberts,Amarillo,2020-06-23T00:00:00Z,400,666,1066,43,250,14,64,0,29,341,41,2,2,4,19,8,27,104,147,18,118,21,47,25,0,0,0.38,0.29,0.87
TSA-A,Panhandle,Sherman,Amarillo,2020-06-23T00:00:00Z,400,666,1066,43,250,14,64,0,29,341,41,2,2,4,19,8,27,104,147,18,118,21,47,25,0,0,0.38,0.29,0.87
TSA-A,Panhandle,Swisher,Amarillo,2020-06-23T00:00:00Z,400,666,1066,43,250,14,64,0,29,341,41,2,2,4,19,8,27,104,147,18,118,21,47,25,0,0,0.38,0.29,0.87
TSA-A,Panhandle,Wheeler,Amarillo,2020-06-23T00:00:00Z,400,666,1066,43,250,14,64,0,29,341,41,2,2,4,19,8,27,104,147,18,118,21,47,25,0,0,0.38,0.29,0.87
TSA-B,Panhandle,Bailey,Lubbock,2020-06-23T00:00:00Z,359,891,1250,35,208,20,42,0,54,613,52,18,6,5,23,11,34,125,160,41,159,22,69,25,0,1,0.29,0.22,0.8
TSA-B,Panhandle,Borden,Lubbock,2020-06-23T00:00:00Z,359,891,1250,35,208,20,42,0,54,613,52,18,6,5,23,11,34,125,160,41,159,22,69,25,0,1,0.29,0.22,0.8
TSA-B,Panhandle,Castro,Lubbock,2020-06-23T00:00:00Z,359,891,1250,35,208,20,42,0,54,613,52,18,6,5,23,11,34,125,160,41,159,22,69,25,0,1,0.29,0.22,0.8
TSA-B,Panhandle,Cochran,Lubbock,2020-06-23T00:00:00Z,359,891,1250,35,208,20,42,0,54,613,52,18,6,5,23,11,34,125,160,41,159,22,69,25,0,1,0.29,0.22,0.8
TSA-B,Panhandle,Cottle,Lubbock,2020-06-23T00:00:00Z,359,891,1250,35,208,20,42,0,54,613,52,18,6,5,23,11,34,125,160,41,159,22,69,25,0,1,0.29,0.22,0.8
TSA-B,Panhandle,Crosby,Lubbock,2020-06-23T00:00:00Z,359,891,1250,35,208,20,42,0,54,613,52,18,6,5,23,11,34,125,160,41,159,22,69,25,0,1,0.29,0.22,0.8
TSA-B,Panhandle,Dawson,Lubbock,2020-06-23T00:00:00Z,359,891,1250,35,208,20,42,0,54,613,52,18,6,5,23,11,34,125,160,41,159,22,69,25,0,1,0.29,0.22,0.8
TSA-B,Panhandle,Dickens,Lubbock,2020-06-23T00:00:00Z,359,891,1250,35,208,20,42,0,54,613,52,18,6,5,23,11,34,125,160,41,159,22,69,25,0,1,0.29,0.22,0.8
TSA-B,Panhandle,Floyd,Lubbock,2020-06-23T00:00:00Z,359,891,1250,35,208,20,42,0,54,613,52,18,6,5,23,11,34,125,160,41,159,22,69,25,0,1,0.29,0.22,0.8
TSA-B,Panhandle,Gaines,Lubbock,2020-06-23T00:00:00Z,359,891,1250,35,208,20,42,0,54,613,52,18,6,5,23,11,34,125,160,41,159,22,69,25,0,1,0.29,0.22,0.8
TSA-B,Panhandle,Garza,Lubbock,2020-06-23T00:00:00Z,359,891,1250,35,208,20,42,0,54,613,52,18,6,5,23,11,34,125,160,41,159,22,69,25,0,1,0.29,0.22,0.8
TSA-B,Panhandle,Hale,Lubbock,2020-06-23T00:00:00Z,359,891,1250,35,208,20,42,0,54,613,52,18,6,5,23,11,34,125,160,41,159,22,69,25,0,1,0.29,0.22,0.8
TSA-B,Panhandle,Hockley,Lubbock,2020-06-23T00:00:00Z,359,891,1250,35,208,20,42,0,54,613,52,18,6,5,23,11,34,125,160,41,159,22,69,25,0,1,0.29,0.22,0.8
TSA-B,Panhandle,Kent,Lubbock,2020-06-23T00:00:00Z,359,891,1250,35,208,20,42,0,54,613,52,18,6,5,23,11,34,125,160,41,159,22,69,25,0,1,0.29,0.22,0.8
TSA-B,Panhandle,King,Lubbock,2020-06-23T00:00:00Z,359,891,1250,35,208,20,42,0,54,613,52,18,6,5,23,11,34,125,160,41,159,22,69,25,0,1,0.29,0.22,0.8
TSA-B,Panhandle,Lamb,Lubbock,2020-06-23T00:00:00Z,359,891,1250,35,208,20,42,0,54,613,52,18,6,5,23,11,34,125,160,41,159,22,69,25,0,1,0.29,0.22,0.8
TSA-B,Panhandle,Lubbock,Lubbock,2020-06-23T00:00:00Z,359,891,1250,35,208,20,42,0,54,613,52,18,6,5,23,11,34,125,160,41,159,22,69,25,0,1,0.29,0.22,0.8
TSA-B,Panhandle,Lynn,Lubbock,2020-06-23T00:00:00Z,359,891,1250,35,208,20,42,0,54,613,52,18,6,5,23,11,34,125,160,41,159,22,69,25,0,1,0.29,0.22,0.8
TSA-B,Panhandle,Motley,Lubbock,2020-06-23T00:00:00Z,359,891,1250,35,208,20,42,0,54,613,52,18,6,5,23,11,34,125,160,41,159,22,69,25,0,1,0.29,0.22,0.8
TSA-B,Panhandle,Scurry,Lubbock,2020-06-23T00:00:00Z,359,891,1250,35,208,20,42,0,54,613,52,18,6,5,23,11,34,125,160,41,159,22,69,25,0,1,0.29,0.22,0.8
TSA-B,Panhandle,Terry,Lubbock,2020-06-23T00:00:00Z,359,891,1250,35,208,20,42,0,54,613,52,18,6,5,23,11,34,125,160,41,159,22,69,25,0,1,0.29,0.22,0.8
TSA-B,Panhandle,Yoakum,Lubbock,2020-06-23T00:00:00Z,359,891,1250,35,208,20,42,0,54,613,52,18,6,5,23,11,34,125,160,41,159,22,69,25,0,1,0.29,0.22,0.8
TSA-C,NCTTRAC,Archer,Witchita Falls,2020-06-23T00:00:00Z,260,323,583,12,233,0,7,0,8,273,35,7,0,9,6,1,7,31,43,8,27,4,10,23,0,0,0.45,0.28,0.77
TSA-C,NCTTRAC,Baylor,Witchita Falls,2020-06-23T00:00:00Z,260,323,583,12,233,0,7,0,8,273,35,7,0,9,6,1,7,31,43,8,27,4,10,23,0,0,0.45,0.28,0.77
TSA-C,NCTTRAC,Clay,Witchita Falls,2020-06-23T00:00:00Z,260,323,583,12,233,0,7,0,8,273,35,7,0,9,6,1,7,31,43,8,27,4,10,23,0,0,0.45,0.28,0.77
TSA-C,NCTTRAC,Foard,Witchita Falls,2020-06-23T00:00:00Z,260,323,583,12,233,0,7,0,8,273,35,7,0,9,6,1,7,31,43,8,27,4,10,23,0,0,0.45,0.28,0.77
TSA-C,NCTTRAC,Hardeman,Witchita Falls,2020-06-23T00:00:00Z,260,323,583,12,233,0,7,0,8,273,35,7,0,9,6,1,7,31,43,8,27,4,10,23,0,0,0.45,0.28,0.77
TSA-C,NCTTRAC,Jack,Witchita Falls,2020-06-23T00:00:00Z,260,323,583,12,233,0,7,0,8,273,35,7,0,9,6,1,7,31,43,8,27,4,10,23,0,0,0.45,0.28,0.77
TSA-C,NCTTRAC,Montague,Witchita Falls,2020-06-23T00:00:00Z,260,323,583,12,233,0,7,0,8,273,35,7,0,9,6,1,7,31,43,8,27,4,10,23,0,0,0.45,0.28,0.77
TSA-C,NCTTRAC,Wichita,Witchita Falls,2020-06-23T00:00:00Z,260,323,583,12,233,0,7,0,8,273,35,7,0,9,6,1,7,31,43,8,27,4,10,23,0,0,0.45,0.28,0.77
TSA-C,NCTTRAC,Wilbarger,Witchita Falls,2020-06-23T00:00:00Z,260,323,583,12,233,0,7,0,8,273,35,7,0,9,6,1,7,31,43,8,27,4,10,23,0,0,0.45,0.28,0.77
TSA-C,NCTTRAC,Young,Witchita Falls,2020-06-23T00:00:00Z,260,323,583,12,233,0,7,0,8,273,35,7,0,9,6,1,7,31,43,8,27,4,10,23,0,0,0.45,0.28,0.77
TSA-D,NCTTRAC,Brown,Abilene,2020-06-23T00:00:00Z,439,547,986,20,283,3,29,66,38,423,31,10,2,16,1,4,5,43,63,6,58,2,21,29,0,0,0.45,0.32,0.91
TSA-D,NCTTRAC,Callahan,Abilene,2020-06-23T00:00:00Z,439,547,986,20,283,3,29,66,38,423,31,10,2,16,1,4,5,43,63,6,58,2,21,29,0,0,0.45,0.32,0.91
TSA-D,NCTTRAC,Coleman,Abilene,2020-06-23T00:00:00Z,439,547,986,20,283,3,29,66,38,423,31,10,2,16,1,4,5,43,63,6,58,2,21,29,0,0,0.45,0.32,0.91
TSA-D,NCTTRAC,Comanche,Abilene,2020-06-23T00:00:00Z,439,547,986,20,283,3,29,66,38,423,31,10,2,16,1,4,5,43,63,6,58,2,21,29,0,0,0.45,0.32,0.91
TSA-D,NCTTRAC,Eastland,Abilene,2020-06-23T00:00:00Z,439,547,986,20,283,3,29,66,38,423,31,10,2,16,1,4,5,43,63,6,58,2,21,29,0,0,0.45,0.32,0.91
TSA-D,NCTTRAC,Fisher,Abilene,2020-06-23T00:00:00Z,439,547,986,20,283,3,29,66,38,423,31,10,2,16,1,4,5,43,63,6,58,2,21,29,0,0,0.45,0.32,0.91
TSA-D,NCTTRAC,Haskell,Abilene,2020-06-23T00:00:00Z,439,547,986,20,283,3,29,66,38,423,31,10,2,16,1,4,5,43,63,6,58,2,21,29,0,0,0.45,0.32,0.91
TSA-D,NCTTRAC,Jones,Abilene,2020-06-23T00:00:00Z,439,547,986,20,283,3,29,66,38,423,31,10,2,16,1,4,5,43,63,6,58,2,21,29,0,0,0.45,0.32,0.91
TSA-D,NCTTRAC,Knox,Abilene,2020-06-23T00:00:00Z,439,547,986,20,283,3,29,66,38,423,31,10,2,16,1,4,5,43,63,6,58,2,21,29,0,0,0.45,0.32,0.91
TSA-D,NCTTRAC,Mitchell,Abilene,2020-06-23T00:00:00Z,439,547,986,20,283,3,29,66,38,423,31,10,2,16,1,4,5,43,63,6,58,2,21,29,0,0,0.45,0.32,0.91
TSA-D,NCTTRAC,Nolan,Abilene,2020-06-23T00:00:00Z,439,547,986,20,283,3,29,66,38,423,31,10,2,16,1,4,5,43,63,6,58,2,21,29,0,0,0.45,0.32,0.91
TSA-D,NCTTRAC,Shackelford,Abilene,2020-06-23T00:00:00Z,439,547,986,20,283,3,29,66,38,423,31,10,2,16,1,4,5,43,63,6,58,2,21,29,0,0,0.45,0.32,0.91
TSA-D,NCTTRAC,Stephens,Abilene,2020-06-23T00:00:00Z,439,547,986,20,283,3,29,66,38,423,31,10,2,16,1,4,5,43,63,6,58,2,21,29,0,0,0.45,0.32,0.91
TSA-D,NCTTRAC,Stonewall,Abilene,2020-06-23T00:00:00Z,439,547,986,20,283,3,29,66,38,423,31,10,2,16,1,4,5,43,63,6,58,2,21,29,0,0,0.45,0.32,0.91
TSA-D,NCTTRAC,Taylor,Abilene,2020-06-23T00:00:00Z,439,547,986,20,283,3,29,66,38,423,31,10,2,16,1,4,5,43,63,6,58,2,21,29,0,0,0.45,0.32,0.91
TSA-D,NCTTRAC,Throckmorton,Abilene,2020-06-23T00:00:00Z,439,547,986,20,283,3,29,66,38,423,31,10,2,16,1,4,5,43,63,6,58,2,21,29,0,0,0.45,0.32,0.91
TSA-E,NCTTRAC,Collin,Dallas/Ft. Worth,2020-06-23T00:00:00Z,3113,11521,14634,405,1866,29,196,199,418,8149,1745,467,101,592,755,375,1130,1509,1914,787,1271,323,853,363,136,207,0.21,0.21,0.62
TSA-E,NCTTRAC,Cooke,Dallas/Ft. Worth,2020-06-23T00:00:00Z,3113,11521,14634,405,1866,29,196,199,418,8149,1745,467,101,592,755,375,1130,1509,1914,787,1271,323,853,363,136,207,0.21,0.21,0.62
TSA-E,NCTTRAC,Dallas,Dallas/Ft. Worth,2020-06-23T00:00:00Z,3113,11521,14634,405,1866,29,196,199,418,8149,1745,467,101,592,755,375,1130,1509,1914,787,1271,323,853,363,136,207,0.21,0.21,0.62
TSA-E,NCTTRAC,Denton,Dallas/Ft. Worth,2020-06-23T00:00:00Z,3113,11521,14634,405,1866,29,196,199,418,8149,1745,467,101,592,755,375,1130,1509,1914,787,1271,323,853,363,136,207,0.21,0.21,0.62
TSA-E,NCTTRAC,Ellis,Dallas/Ft. Worth,2020-06-23T00:00:00Z,3113,11521,14634,405,1866,29,196,199,418,8149,1745,467,101,592,755,375,1130,1509,1914,787,1271,323,853,363,136,207,0.21,0.21,0.62
TSA-E,NCTTRAC,Erath,Dallas/Ft. Worth,2020-06-23T00:00:00Z,3113,11521,14634,405,1866,29,196,199,418,8149,1745,467,101,592,755,375,1130,1509,1914,787,1271,323,853,363,136,207,0.21,0.21,0.62
TSA-E,NCTTRAC,Fannin,Dallas/Ft. Worth,2020-06-23T00:00:00Z,3113,11521,14634,405,1866,29,196,199,418,8149,1745,467,101,592,755,375,1130,1509,1914,787,1271,323,853,363,136,207,0.21,0.21,0.62
TSA-E,NCTTRAC,Grayson,Dallas/Ft. Worth,2020-06-23T00:00:00Z,3113,11521,14634,405,1866,29,196,199,418,8149,1745,467,101,592,755,375,1130,1509,1914,787,1271,323,853,363,136,207,0.21,0.21,0.62
TSA-E,NCTTRAC,Hood,Dallas/Ft. Worth,2020-06-23T00:00:00Z,3113,11521,14634,405,1866,29,196,199,418,8149,1745,467,101,592,755,375,1130,1509,1914,787,1271,323,853,363,136,207,0.21,0.21,0.62
TSA-E,NCTTRAC,Hunt,Dallas/Ft. Worth,2020-06-23T00:00:00Z,3113,11521,14634,405,1866,29,196,199,418,8149,1745,467,101,592,755,375,1130,1509,1914,787,1271,323,853,363,136,207,0.21,0.21,0.62
TSA-E,NCTTRAC,Johnson,Dallas/Ft. Worth,2020-06-23T00:00:00Z,3113,11521,14634,405,1866,29,196,199,418,8149,1745,467,101,592,755,375,1130,1509,1914,787,1271,323,853,363,136,207,0.21,0.21,0.62
TSA-E,NCTTRAC,Kaufman,Dallas/Ft. Worth,2020-06-23T00:00:00Z,3113,11521,14634,405,1866,29,196,199,418,8149,1745,467,101,592,755,375,1130,1509,1914,787,1271,323,853,363,136,207,0.21,0.21,0.62
TSA-E,NCTTRAC,Navarro,Dallas/Ft. Worth,2020-06-23T00:00:00Z,3113,11521,14634,405,1866,29,196,199,418,8149,1745,467,101,592,755,375,1130,1509,1914,787,1271,323,853,363,136,207,0.21,0.21,0.62
TSA-E,NCTTRAC,Palo Pinto,Dallas/Ft. Worth,2020-06-23T00:00:00Z,3113,11521,14634,405,1866,29,196,199,418,8149,1745,467,101,592,755,375,1130,1509,1914,787,1271,323,853,363,136,207,0.21,0.21,0.62
TSA-E,NCTTRAC,Parker,Dallas/Ft. Worth,2020-06-23T00:00:00Z,3113,11521,14634,405,1866,29,196,199,418,8149,1745,467,101,592,755,375,1130,1509,1914,787,1271,323,853,363,136,207,0.21,0.21,0.62
TSA-E,NCTTRAC,Rockwall,Dallas/Ft. Worth,2020-06-23T00:00:00Z,3113,11521,14634,405,1866,29,196,199,418,8149,1745,467,101,592,755,375,1130,1509,1914,787,1271,323,853,363,136,207,0.21,0.21,0.62
TSA-E,NCTTRAC,Somervell,Dallas/Ft. Worth,2020-06-23T00:00:00Z,3113,11521,14634,405,1866,29,196,199,418,8149,1745,467,101,592,755,375,1130,1509,1914,787,1271,323,853,363,136,207,0.21,0.21,0.62
TSA-E,NCTTRAC,Tarrant,Dallas/Ft. Worth,2020-06-23T00:00:00Z,3113,11521,14634,405,1866,29,196,199,418,8149,1745,467,101,592,755,375,1130,1509,1914,787,1271,323,853,363,136,207,0.21,0.21,0.62
TSA-E,NCTTRAC,Wise,Dallas/Ft. Worth,2020-06-23T00:00:00Z,3113,11521,14634,405,1866,29,196,199,418,8149,1745,467,101,592,755,375,1130,1509,1914,787,1271,323,853,363,136,207,0.21,0.21,0.62
TSA-F,Piney Woods,Bowie,Paris,2020-06-23T00:00:00Z,793,535,1328,94,552,0,62,2,83,433,21,5,3,30,15,10,25,53,147,13,90,22,56,50,0,6,0.6,0.64,0.87
TSA-F,Piney Woods,Cass,Paris,2020-06-23T00:00:00Z,793,535,1328,94,552,0,62,2,83,433,21,5,3,30,15,10,25,53,147,13,90,22,56,50,0,6,0.6,0.64,0.87
TSA-F,Piney Woods,Delta,Paris,2020-06-23T00:00:00Z,793,535,1328,94,552,0,62,2,83,433,21,5,3,30,15,10,25,53,147,13,90,22,56,50,0,6,0.6,0.64,0.87
TSA-F,Piney Woods,Hopkins,Paris,2020-06-23T00:00:00Z,793,535,1328,94,552,0,62,2,83,433,21,5,3,30,15,10,25,53,147,13,90,22,56,50,0,6,0.6,0.64,0.87
TSA-F,Piney Woods,Lamar,Paris,2020-06-23T00:00:00Z,793,535,1328,94,552,0,62,2,83,433,21,5,3,30,15,10,25,53,147,13,90,22,56,50,0,6,0.6,0.64,0.87
TSA-F,Piney Woods,Morris,Paris,2020-06-23T00:00:00Z,793,535,1328,94,552,0,62,2,83,433,21,5,3,30,15,10,25,53,147,13,90,22,56,50,0,6,0.6,0.64,0.87
TSA-F,Piney Woods,Red River,Paris,2020-06-23T00:00:00Z,793,535,1328,94,552,0,62,2,83,433,21,5,3,30,15,10,25,53,147,13,90,22,56,50,0,6,0.6,0.64,0.87
TSA-F,Piney Woods,Titus,Paris,2020-06-23T00:00:00Z,793,535,1328,94,552,0,62,2,83,433,21,5,3,30,15,10,25,53,147,13,90,22,56,50,0,6,0.6,0.64,0.87
TSA-G,Piney Woods,Anderson,Longview/Tyler,2020-06-23T00:00:00Z,425,1606,2031,75,252,0,38,0,60,1385,107,27,4,77,34,28,62,231,306,95,240,62,158,23,1,23,0.21,0.25,0.72
TSA-G,Piney Woods,Camp,Longview/Tyler,2020-06-23T00:00:00Z,425,1606,2031,75,252,0,38,0,60,1385,107,27,4,77,34,28,62,231,306,95,240,62,158,23,1,23,0.21,0.25,0.72
TSA-G,Piney Woods,Cherokee,Longview/Tyler,2020-06-23T00:00:00Z,425,1606,2031,75,252,0,38,0,60,1385,107,27,4,77,34,28,62,231,306,95,240,62,158,23,1,23,0.21,0.25,0.72
TSA-G,Piney Woods,Franklin,Longview/Tyler,2020-06-23T00:00:00Z,425,1606,2031,75,252,0,38,0,60,1385,107,27,4,77,34,28,62,231,306,95,240,62,158,23,1,23,0.21,0.25,0.72
TSA-G,Piney Woods,Freestone,Longview/Tyler,2020-06-23T00:00:00Z,425,1606,2031,75,252,0,38,0,60,1385,107,27,4,77,34,28,62,231,306,95,240,62,158,23,1,23,0.21,0.25,0.72
TSA-G,Piney Woods,Gregg,Longview/Tyler,2020-06-23T00:00:00Z,425,1606,2031,75,252,0,38,0,60,1385,107,27,4,77,34,28,62,231,306,95,240,62,158,23,1,23,0.21,0.25,0.72
TSA-G,Piney Woods,Harrison,Longview/Tyler,2020-06-23T00:00:00Z,425,1606,2031,75,252,0,38,0,60,1385,107,27,4,77,34,28,62,231,306,95,240,62,158,23,1,23,0.21,0.25,0.72
TSA-G,Piney Woods,Henderson,Longview/Tyler,2020-06-23T00:00:00Z,425,1606,2031,75,252,0,38,0,60,1385,107,27,4,77,34,28,62,231,306,95,240,62,158,23,1,23,0.21,0.25,0.72
TSA-G,Piney Woods,Houston,Longview/Tyler,2020-06-23T00:00:00Z,425,1606,2031,75,252,0,38,0,60,1385,107,27,4,77,34,28,62,231,306,95,240,62,158,23,1,23,0.21,0.25,0.72
TSA-G,Piney Woods,Marion,Longview/Tyler,2020-06-23T00:00:00Z,425,1606,2031,75,252,0,38,0,60,1385,107,27,4,77,34,28,62,231,306,95,240,62,158,23,1,23,0.21,0.25,0.72
TSA-G,Piney Woods,Panola,Longview/Tyler,2020-06-23T00:00:00Z,425,1606,2031,75,252,0,38,0,60,1385,107,27,4,77,34,28,62,231,306,95,240,62,158,23,1,23,0.21,0.25,0.72
TSA-G,Piney Woods,Rains,Longview/Tyler,2020-06-23T00:00:00Z,425,1606,2031,75,252,0,38,0,60,1385,107,27,4,77,34,28,62,231,306,95,240,62,158,23,1,23,0.21,0.25,0.72
TSA-G,Piney Woods,Rusk,Longview/Tyler,2020-06-23T00:00:00Z,425,1606,2031,75,252,0,38,0,60,1385,107,27,4,77,34,28,62,231,306,95,240,62,158,23,1,23,0.21,0.25,0.72
TSA-G,Piney Woods,Shelby,Longview/Tyler,2020-06-23T00:00:00Z,425,1606,2031,75,252,0,38,0,60,1385,107,27,4,77,34,28,62,231,306,95,240,62,158,23,1,23,0.21,0.25,0.72
TSA-G,Piney Woods,Smith,Longview/Tyler,2020-06-23T00:00:00Z,425,1606,2031,75,252,0,38,0,60,1385,107,27,4,77,34,28,62,231,306,95,240,62,158,23,1,23,0.21,0.25,0.72
TSA-G,Piney Woods,Trinity,Longview/Tyler,2020-06-23T00:00:00Z,425,1606,2031,75,252,0,38,0,60,1385,107,27,4,77,34,28,62,231,306,95,240,62,158,23,1,23,0.21,0.25,0.72
TSA-G,Piney Woods,Upshur,Longview/Tyler,2020-06-23T00:00:00Z,425,1606,2031,75,252,0,38,0,60,1385,107,27,4,77,34,28,62,231,306,95,240,62,158,23,1,23,0.21,0.25,0.72
TSA-G,Piney Woods,Van Zandt,Longview/Tyler,2020-06-23T00:00:00Z,425,1606,2031,75,252,0,38,0,60,1385,107,27,4,77,34,28,62,231,306,95,240,62,158,23,1,23,0.21,0.25,0.72
TSA-G,Piney Woods,Wood,Longview/Tyler,2020-06-23T00:00:00Z,425,1606,2031,75,252,0,38,0,60,1385,107,27,4,77,34,28,62,231,306,95,240,62,158,23,1,23,0.21,0.25,0.72
TSA-H,SETRAC,Angelina,Lufkin,2020-06-23T00:00:00Z,200,353,553,14,135,0,17,0,34,379,32,9,2,18,26,6,32,55,69,15,117,17,40,20,0,2,0.36,0.2,0.89
TSA-H,SETRAC,Nacogdoches,Lufkin,2020-06-23T00:00:00Z,200,353,553,14,135,0,17,0,34,379,32,9,2,18,26,6,32,55,69,15,117,17,40,20,0,2,0.36,0.2,0.89
TSA-H,SETRAC,Polk,Lufkin,2020-06-23T00:00:00Z,200,353,553,14,135,0,17,0,34,379,32,9,2,18,26,6,32,55,69,15,117,17,40,20,0,2,0.36,0.2,0.89
TSA-H,SETRAC,Sabine,Lufkin,2020-06-23T00:00:00Z,200,353,553,14,135,0,17,0,34,379,32,9,2,18,26,6,32,55,69,15,117,17,40,20,0,2,0.36,0.2,0.89
TSA-H,SETRAC,San Augustine,Lufkin,2020-06-23T00:00:00Z,200,353,553,14,135,0,17,0,34,379,32,9,2,18,26,6,32,55,69,15,117,17,40,20,0,2,0.36,0.2,0.89
TSA-H,SETRAC,San Jacinto,Lufkin,2020-06-23T00:00:00Z,200,353,553,14,135,0,17,0,34,379,32,9,2,18,26,6,32,55,69,15,117,17,40,20,0,2,0.36,0.2,0.89
TSA-H,SETRAC,Tyler,Lufkin,2020-06-23T00:00:00Z,200,353,553,14,135,0,17,0,34,379,32,9,2,18,26,6,32,55,69,15,117,17,40,20,0,2,0.36,0.2,0.89
TSA-I,Border,Culberson,El Paso,2020-06-23T00:00:00Z,466,1303,1769,49,208,23,56,14,116,941,83,27,8,41,76,57,133,199,248,72,273,31,94,45,5,27,0.26,0.2,0.79
TSA-I,Border,El Paso,El Paso,2020-06-23T00:00:00Z,466,1303,1769,49,208,23,56,14,116,941,83,27,8,41,76,57,133,199,248,72,273,31,94,45,5,27,0.26,0.2,0.79
TSA-I,Border,Hudspeth,El Paso,2020-06-23T00:00:00Z,466,1303,1769,49,208,23,56,14,116,941,83,27,8,41,76,57,133,199,248,72,273,31,94,45,5,27,0.26,0.2,0.79
TSA-J,Border,Andrews,Midland/Odessa,2020-06-23T00:00:00Z,506,801,1307,34,283,0,81,56,52,510,72,2,2,22,23,16,39,58,92,32,214,13,57,30,0,0,0.39,0.37,0.87
TSA-J,Border,Brewster,Midland/Odessa,2020-06-23T00:00:00Z,506,801,1307,34,283,0,81,56,52,510,72,2,2,22,23,16,39,58,92,32,214,13,57,30,0,0,0.39,0.37,0.87
TSA-J,Border,Crane,Midland/Odessa,2020-06-23T00:00:00Z,506,801,1307,34,283,0,81,56,52,510,72,2,2,22,23,16,39,58,92,32,214,13,57,30,0,0,0.39,0.37,0.87
TSA-J,Border,Ector,Midland/Odessa,2020-06-23T00:00:00Z,506,801,1307,34,283,0,81,56,52,510,72,2,2,22,23,16,39,58,92,32,214,13,57,30,0,0,0.39,0.37,0.87
TSA-J,Border,Glasscock,Midland/Odessa,2020-06-23T00:00:00Z,506,801,1307,34,283,0,81,56,52,510,72,2,2,22,23,16,39,58,92,32,214,13,57,30,0,0,0.39,0.37,0.87
TSA-J,Border,Howard,Midland/Odessa,2020-06-23T00:00:00Z,506,801,1307,34,283,0,81,56,52,510,72,2,2,22,23,16,39,58,92,32,214,13,57,30,0,0,0.39,0.37,0.87
TSA-J,Border,Jeff Davis,Midland/Odessa,2020-06-23T00:00:00Z,506,801,1307,34,283,0,81,56,52,510,72,2,2,22,23,16,39,58,92,32,214,13,57,30,0,0,0.39,0.37,0.87
TSA-J,Border,Loving,Midland/Odessa,2020-06-23T00:00:00Z,506,801,1307,34,283,0,81,56,52,510,72,2,2,22,23,16,39,58,92,32,214,13,57,30,0,0,0.39,0.37,0.87
TSA-J,Border,Martin,Midland/Odessa,2020-06-23T00:00:00Z,506,801,1307,34,283,0,81,56,52,510,72,2,2,22,23,16,39,58,92,32,214,13,57,30,0,0,0.39,0.37,0.87
TSA-J,Border,Midland,Midland/Odessa,2020-06-23T00:00:00Z,506,801,1307,34,283,0,81,56,52,510,72,2,2,22,23,16,39,58,92,32,214,13,57,30,0,0,0.39,0.37,0.87
TSA-J,Border,Pecos,Midland/Odessa,2020-06-23T00:00:00Z,506,801,1307,34,283,0,81,56,52,510,72,2,2,22,23,16,39,58,92,32,214,13,57,30,0,0,0.39,0.37,0.87
TSA-J,Border,Presidio,Midland/Odessa,2020-06-23T00:00:00Z,506,801,1307,34,283,0,81,56,52,510,72,2,2,22,23,16,39,58,92,32,214,13,57,30,0,0,0.39,0.37,0.87
TSA-J,Border,Reeves,Midland/Odessa,2020-06-23T00:00:00Z,506,801,1307,34,283,0,81,56,52,510,72,2,2,22,23,16,39,58,92,32,214,13,57,30,0,0,0.39,0.37,0.87
TSA-J,Border,Terrell,Midland/Odessa,2020-06-23T00:00:00Z,506,801,1307,34,283,0,81,56,52,510,72,2,2,22,23,16,39,58,92,32,214,13,57,30,0,0,0.39,0.37,0.87
TSA-J,Border,Upton,Midland/Odessa,2020-06-23T00:00:00Z,506,801,1307,34,283,0,81,56,52,510,72,2,2,22,23,16,39,58,92,32,214,13,57,30,0,0,0.39,0.37,0.87
TSA-J,Border,Ward,Midland/Odessa,2020-06-23T00:00:00Z,506,801,1307,34,283,0,81,56,52,510,72,2,2,22,23,16,39,58,92,32,214,13,57,30,0,0,0.39,0.37,0.87
TSA-J,Border,Winkler,Midland/Odessa,2020-06-23T00:00:00Z,506,801,1307,34,283,0,81,56,52,510,72,2,2,22,23,16,39,58,92,32,214,13,57,30,0,0,0.39,0.37,0.87
TSA-K,Border,Coke,San Angelo,2020-06-23T00:00:00Z,133,293,426,7,102,0,16,0,8,180,34,14,0,88,7,1,8,19,26,0,38,0,0,2,0,0,0.31,0.27,1
TSA-K,Border,Concho,San Angelo,2020-06-23T00:00:00Z,133,293,426,7,102,0,16,0,8,180,34,14,0,88,7,1,8,19,26,0,38,0,0,2,0,0,0.31,0.27,1
TSA-K,Border,Crockett,San Angelo,2020-06-23T00:00:00Z,133,293,426,7,102,0,16,0,8,180,34,14,0,88,7,1,8,19,26,0,38,0,0,2,0,0,0.31,0.27,1
TSA-K,Border,Irion,San Angelo,2020-06-23T00:00:00Z,133,293,426,7,102,0,16,0,8,180,34,14,0,88,7,1,8,19,26,0,38,0,0,2,0,0,0.31,0.27,1
TSA-K,Border,Kimble,San Angelo,2020-06-23T00:00:00Z,133,293,426,7,102,0,16,0,8,180,34,14,0,88,7,1,8,19,26,0,38,0,0,2,0,0,0.31,0.27,1
TSA-K,Border,Mason,San Angelo,2020-06-23T00:00:00Z,133,293,426,7,102,0,16,0,8,180,34,14,0,88,7,1,8,19,26,0,38,0,0,2,0,0,0.31,0.27,1
TSA-K,Border,McCulloch,San Angelo,2020-06-23T00:00:00Z,133,293,426,7,102,0,16,0,8,180,34,14,0,88,7,1,8,19,26,0,38,0,0,2,0,0,0.31,0.27,1
TSA-K,Border,Menard,San Angelo,2020-06-23T00:00:00Z,133,293,426,7,102,0,16,0,8,180,34,14,0,88,7,1,8,19,26,0,38,0,0,2,0,0,0.31,0.27,1
TSA-K,Border,Reagan,San Angelo,2020-06-23T00:00:00Z,133,293,426,7,102,0,16,0,8,180,34,14,0,88,7,1,8,19,26,0,38,0,0,2,0,0,0.31,0.27,1
TSA-K,Border,Runnels,San Angelo,2020-06-23T00:00:00Z,133,293,426,7,102,0,16,0,8,180,34,14,0,88,7,1,8,19,26,0,38,0,0,2,0,0,0.31,0.27,1
TSA-K,Border,Schleicher,San Angelo,2020-06-23T00:00:00Z,133,293,426,7,102,0,16,0,8,180,34,14,0,88,7,1,8,19,26,0,38,0,0,2,0,0,0.31,0.27,1
TSA-K,Border,Sterling,San Angelo,2020-06-23T00:00:00Z,133,293,426,7,102,0,16,0,8,180,34,14,0,88,7,1,8,19,26,0,38,0,0,2,0,0,0.31,0.27,1
TSA-K,Border,Sutton,San Angelo,2020-06-23T00:00:00Z,133,293,426,7,102,0,16,0,8,180,34,14,0,88,7,1,8,19,26,0,38,0,0,2,0,0,0.31,0.27,1
TSA-K,Border,Tom Green,San Angelo,2020-06-23T00:00:00Z,133,293,426,7,102,0,16,0,8,180,34,14,0,88,7,1,8,19,26,0,38,0,0,2,0,0,0.31,0.27,1
TSA-L,CATRAC,Bell,Belton/Killeen,2020-06-23T00:00:00Z,212,796,1008,12,93,8,23,39,37,544,81,3,0,19,23,10,33,131,143,40,131,6,87,34,4,7,0.21,0.08,0.77
TSA-L,CATRAC,Coryell,Belton/Killeen,2020-06-23T00:00:00Z,212,796,1008,12,93,8,23,39,37,544,81,3,0,19,23,10,33,131,143,40,131,6,87,34,4,7,0.21,0.08,0.77
TSA-L,CATRAC,Hamilton,Belton/Killeen,2020-06-23T00:00:00Z,212,796,1008,12,93,8,23,39,37,544,81,3,0,19,23,10,33,131,143,40,131,6,87,34,4,7,0.21,0.08,0.77
TSA-L,CATRAC,Lampasas,Belton/Killeen,2020-06-23T00:00:00Z,212,796,1008,12,93,8,23,39,37,544,81,3,0,19,23,10,33,131,143,40,131,6,87,34,4,7,0.21,0.08,0.77
TSA-L,CATRAC,Milam,Belton/Killeen,2020-06-23T00:00:00Z,212,796,1008,12,93,8,23,39,37,544,81,3,0,19,23,10,33,131,143,40,131,6,87,34,4,7,0.21,0.08,0.77
TSA-L,CATRAC,Mills,Belton/Killeen,2020-06-23T00:00:00Z,212,796,1008,12,93,8,23,39,37,544,81,3,0,19,23,10,33,131,143,40,131,6,87,34,4,7,0.21,0.08,0.77
TSA-M,CATRAC,Bosque,Waco,2020-06-23T00:00:00Z,196,423,619,7,133,0,6,31,19,529,54,21,8,5,4,10,14,50,57,20,57,3,59,9,0,5,0.32,0.12,0.74
TSA-M,CATRAC,Falls,Waco,2020-06-23T00:00:00Z,196,423,619,7,133,0,6,31,19,529,54,21,8,5,4,10,14,50,57,20,57,3,59,9,0,5,0.32,0.12,0.74
TSA-M,CATRAC,Hill,Waco,2020-06-23T00:00:00Z,196,423,619,7,133,0,6,31,19,529,54,21,8,5,4,10,14,50,57,20,57,3,59,9,0,5,0.32,0.12,0.74
TSA-M,CATRAC,Limestone,Waco,2020-06-23T00:00:00Z,196,423,619,7,133,0,6,31,19,529,54,21,8,5,4,10,14,50,57,20,57,3,59,9,0,5,0.32,0.12,0.74
TSA-M,CATRAC,McLennan,Waco,2020-06-23T00:00:00Z,196,423,619,7,133,0,6,31,19,529,54,21,8,5,4,10,14,50,57,20,57,3,59,9,0,5,0.32,0.12,0.74
TSA-N,CATRAC,Brazos,Bryan/College Station,2020-06-23T00:00:00Z,136,357,493,16,91,0,13,0,16,424,208,10,4,9,37,9,46,35,51,23,37,4,31,27,0,7,0.28,0.31,0.62
TSA-N,CATRAC,Burleson,Bryan/College Station,2020-06-23T00:00:00Z,136,357,493,16,91,0,13,0,16,424,208,10,4,9,37,9,46,35,51,23,37,4,31,27,0,7,0.28,0.31,0.62
TSA-N,CATRAC,Grimes,Bryan/College Station,2020-06-23T00:00:00Z,136,357,493,16,91,0,13,0,16,424,208,10,4,9,37,9,46,35,51,23,37,4,31,27,0,7,0.28,0.31,0.62
TSA-N,CATRAC,Leon,Bryan/College Station,2020-06-23T00:00:00Z,136,357,493,16,91,0,13,0,16,424,208,10,4,9,37,9,46,35,51,23,37,4,31,27,0,7,0.28,0.31,0.62
TSA-N,CATRAC,Madison,Bryan/College Station,2020-06-23T00:00:00Z,136,357,493,16,91,0,13,0,16,424,208,10,4,9,37,9,46,35,51,23,37,4,31,27,0,7,0.28,0.31,0.62
TSA-N,CATRAC,Robertson,Bryan/College Station,2020-06-23T00:00:00Z,136,357,493,16,91,0,13,0,16,424,208,10,4,9,37,9,46,35,51,23,37,4,31,27,0,7,0.28,0.31,0.62
TSA-N,CATRAC,Washington,Bryan/College Station,2020-06-23T00:00:00Z,136,357,493,16,91,0,13,0,16,424,208,10,4,9,37,9,46,35,51,23,37,4,31,27,0,7,0.28,0.31,0.62
TSA-O,CATRAC,Bastrop,Austin,2020-06-23T00:00:00Z,705,2670,3375,85,425,14,43,5,133,1833,264,45,14,89,168,106,274,366,451,142,412,58,176,113,10,36,0.21,0.19,0.74
TSA-O,CATRAC,Blanco,Austin,2020-06-23T00:00:00Z,705,2670,3375,85,425,14,43,5,133,1833,264,45,14,89,168,106,274,366,451,142,412,58,176,113,10,36,0.21,0.19,0.74
TSA-O,CATRAC,Burnet,Austin,2020-06-23T00:00:00Z,705,2670,3375,85,425,14,43,5,133,1833,264,45,14,89,168,106,274,366,451,142,412,58,176,113,10,36,0.21,0.19,0.74
TSA-O,CATRAC,Caldwell,Austin,2020-06-23T00:00:00Z,705,2670,3375,85,425,14,43,5,133,1833,264,45,14,89,168,106,274,366,451,142,412,58,176,113,10,36,0.21,0.19,0.74
TSA-O,CATRAC,Fayette,Austin,2020-06-23T00:00:00Z,705,2670,3375,85,425,14,43,5,133,1833,264,45,14,89,168,106,274,366,451,142,412,58,176,113,10,36,0.21,0.19,0.74
TSA-O,CATRAC,Hays,Austin,2020-06-23T00:00:00Z,705,2670,3375,85,425,14,43,5,133,1833,264,45,14,89,168,106,274,366,451,142,412,58,176,113,10,36,0.21,0.19,0.74
TSA-O,CATRAC,Lee,Austin,2020-06-23T00:00:00Z,705,2670,3375,85,425,14,43,5,133,1833,264,45,14,89,168,106,274,366,451,142,412,58,176,113,10,36,0.21,0.19,0.74
TSA-O,CATRAC,Llano,Austin,2020-06-23T00:00:00Z,705,2670,3375,85,425,14,43,5,133,1833,264,45,14,89,168,106,274,366,451,142,412,58,176,113,10,36,0.21,0.19,0.74
TSA-O,CATRAC,San Saba,Austin,2020-06-23T00:00:00Z,705,2670,3375,85,425,14,43,5,133,1833,264,45,14,89,168,106,274,366,451,142,412,58,176,113,10,36,0.21,0.19,0.74
TSA-O,CATRAC,Travis,Austin,2020-06-23T00:00:00Z,705,2670,3375,85,425,14,43,5,133,1833,264,45,14,89,168,106,274,366,451,142,412,58,176,113,10,36,0.21,0.19,0.74
TSA-O,CATRAC,Williamson,Austin,2020-06-23T00:00:00Z,705,2670,3375,85,425,14,43,5,133,1833,264,45,14,89,168,106,274,366,451,142,412,58,176,113,10,36,0.21,0.19,0.74
TSA-P,STRAC,Atascosa,San Antonio,2020-06-23T00:00:00Z,1197,4576,5773,135,774,30,79,58,121,2888,574,77,18,368,415,134,549,499,634,259,597,85,227,0,26,2,0.21,0.21,0.7
TSA-P,STRAC,Bandera,San Antonio,2020-06-23T00:00:00Z,1197,4576,5773,135,774,30,79,58,121,2888,574,77,18,368,415,134,549,499,634,259,597,85,227,0,26,2,0.21,0.21,0.7
TSA-P,STRAC,Bexar,San Antonio,2020-06-23T00:00:00Z,1197,4576,5773,135,774,30,79,58,121,2888,574,77,18,368,415,134,549,499,634,259,597,85,227,0,26,2,0.21,0.21,0.7
TSA-P,STRAC,Comal,San Antonio,2020-06-23T00:00:00Z,1197,4576,5773,135,774,30,79,58,121,2888,574,77,18,368,415,134,549,499,634,259,597,85,227,0,26,2,0.21,0.21,0.7
TSA-P,STRAC,Dimmit,San Antonio,2020-06-23T00:00:00Z,1197,4576,5773,135,774,30,79,58,121,2888,574,77,18,368,415,134,549,499,634,259,597,85,227,0,26,2,0.21,0.21,0.7
TSA-P,STRAC,Edwards,San Antonio,2020-06-23T00:00:00Z,1197,4576,5773,135,774,30,79,58,121,2888,574,77,18,368,415,134,549,499,634,259,597,85,227,0,26,2,0.21,0.21,0.7
TSA-P,STRAC,Frio,San Antonio,2020-06-23T00:00:00Z,1197,4576,5773,135,774,30,79,58,121,2888,574,77,18,368,415,134,549,499,634,259,597,85,227,0,26,2,0.21,0.21,0.7
TSA-P,STRAC,Gillespie,San Antonio,2020-06-23T00:00:00Z,1197,4576,5773,135,774,30,79,58,121,2888,574,77,18,368,415,134,549,499,634,259,597,85,227,0,26,2,0.21,0.21,0.7
TSA-P,STRAC,Gonzales,San Antonio,2020-06-23T00:00:00Z,1197,4576,5773,135,774,30,79,58,121,2888,574,77,18,368,415,134,549,499,634,259,597,85,227,0,26,2,0.21,0.21,0.7
TSA-P,STRAC,Guadalupe,San Antonio,2020-06-23T00:00:00Z,1197,4576,5773,135,774,30,79,58,121,2888,574,77,18,368,415,134,549,499,634,259,597,85,227,0,26,2,0.21,0.21,0.7
TSA-P,STRAC,Karnes,San Antonio,2020-06-23T00:00:00Z,1197,4576,5773,135,774,30,79,58,121,2888,574,77,18,368,415,134,549,499,634,259,597,85,227,0,26,2,0.21,0.21,0.7
TSA-P,STRAC,Kendall,San Antonio,2020-06-23T00:00:00Z,1197,4576,5773,135,774,30,79,58,121,2888,574,77,18,368,415,134,549,499,634,259,597,85,227,0,26,2,0.21,0.21,0.7
TSA-P,STRAC,Kerr,San Antonio,2020-06-23T00:00:00Z,1197,4576,5773,135,774,30,79,58,121,2888,574,77,18,368,415,134,549,499,634,259,597,85,227,0,26,2,0.21,0.21,0.7
TSA-P,STRAC,Kinney,San Antonio,2020-06-23T00:00:00Z,1197,4576,5773,135,774,30,79,58,121,2888,574,77,18,368,415,134,549,499,634,259,597,85,227,0,26,2,0.21,0.21,0.7
TSA-P,STRAC,La Salle,San Antonio,2020-06-23T00:00:00Z,1197,4576,5773,135,774,30,79,58,121,2888,574,77,18,368,415,134,549,499,634,259,597,85,227,0,26,2,0.21,0.21,0.7
TSA-P,STRAC,Maverick,San Antonio,2020-06-23T00:00:00Z,1197,4576,5773,135,774,30,79,58,121,2888,574,77,18,368,415,134,549,499,634,259,597,85,227,0,26,2,0.21,0.21,0.7
TSA-P,STRAC,Medina,San Antonio,2020-06-23T00:00:00Z,1197,4576,5773,135,774,30,79,58,121,2888,574,77,18,368,415,134,549,499,634,259,597,85,227,0,26,2,0.21,0.21,0.7
TSA-P,STRAC,Real,San Antonio,2020-06-23T00:00:00Z,1197,4576,5773,135,774,30,79,58,121,2888,574,77,18,368,415,134,549,499,634,259,597,85,227,0,26,2,0.21,0.21,0.7
TSA-P,STRAC,Uvalde,San Antonio,2020-06-23T00:00:00Z,1197,4576,5773,135,774,30,79,58,121,2888,574,77,18,368,415,134,549,499,634,259,597,85,227,0,26,2,0.21,0.21,0.7
TSA-P,STRAC,Val Verde,San Antonio,2020-06-23T00:00:00Z,1197,4576,5773,135,774,30,79,58,121,2888,574,77,18,368,415,134,549,499,634,259,597,85,227,0,26,2,0.21,0.21,0.7
TSA-P,STRAC,Wilson,San Antonio,2020-06-23T00:00:00Z,1197,4576,5773,135,774,30,79,58,121,2888,574,77,18,368,415,134,549,499,634,259,597,85,227,0,26,2,0.21,0.21,0.7
TSA-P,STRAC,Zavala,San Antonio,2020-06-23T00:00:00Z,1197,4576,5773,135,774,30,79,58,121,2888,574,77,18,368,415,134,549,499,634,259,597,85,227,0,26,2,0.21,0.21,0.7
TSA-Q,SETRAC,Austin,Houston,2020-06-23T00:00:00Z,2020,10766,12786,173,1132,82,286,0,347,7455,1960,390,47,1364,913,430,1343,1758,1931,831,1293,469,727,203,161,294,0.16,0.09,0.61
TSA-Q,SETRAC,Colorado,Houston,2020-06-23T00:00:00Z,2020,10766,12786,173,1132,82,286,0,347,7455,1960,390,47,1364,913,430,1343,1758,1931,831,1293,469,727,203,161,294,0.16,0.09,0.61
TSA-Q,SETRAC,Fort Bend,Houston,2020-06-23T00:00:00Z,2020,10766,12786,173,1132,82,286,0,347,7455,1960,390,47,1364,913,430,1343,1758,1931,831,1293,469,727,203,161,294,0.16,0.09,0.61
TSA-Q,SETRAC,Harris,Houston,2020-06-23T00:00:00Z,2020,10766,12786,173,1132,82,286,0,347,7455,1960,390,47,1364,913,430,1343,1758,1931,831,1293,469,727,203,161,294,0.16,0.09,0.61
TSA-Q,SETRAC,Matagorda,Houston,2020-06-23T00:00:00Z,2020,10766,12786,173,1132,82,286,0,347,7455,1960,390,47,1364,913,430,1343,1758,1931,831,1293,469,727,203,161,294,0.16,0.09,0.61
TSA-Q,SETRAC,Montgomery,Houston,2020-06-23T00:00:00Z,2020,10766,12786,173,1132,82,286,0,347,7455,1960,390,47,1364,913,430,1343,1758,1931,831,1293,469,727,203,161,294,0.16,0.09,0.61
TSA-Q,SETRAC,Walker,Houston,2020-06-23T00:00:00Z,2020,10766,12786,173,1132,82,286,0,347,7455,1960,390,47,1364,913,430,1343,1758,1931,831,1293,469,727,203,161,294,0.16,0.09,0.61
TSA-Q,SETRAC,Waller,Houston,2020-06-23T00:00:00Z,2020,10766,12786,173,1132,82,286,0,347,7455,1960,390,47,1364,913,430,1343,1758,1931,831,1293,469,727,203,161,294,0.16,0.09,0.61
TSA-Q,SETRAC,Wharton,Houston,2020-06-23T00:00:00Z,2020,10766,12786,173,1132,82,286,0,347,7455,1960,390,47,1364,913,430,1343,1758,1931,831,1293,469,727,203,161,294,0.16,0.09,0.61
TSA-R,SETRAC,Brazoria,Galveston,2020-06-23T00:00:00Z,353,1489,1842,19,243,5,33,0,53,1175,172,36,15,139,162,61,223,208,227,98,210,52,122,63,18,33,0.19,0.08,0.68
TSA-R,SETRAC,Chambers,Galveston,2020-06-23T00:00:00Z,353,1489,1842,19,243,5,33,0,53,1175,172,36,15,139,162,61,223,208,227,98,210,52,122,63,18,33,0.19,0.08,0.68
TSA-R,SETRAC,Galveston,Galveston,2020-06-23T00:00:00Z,353,1489,1842,19,243,5,33,0,53,1175,172,36,15,139,162,61,223,208,227,98,210,52,122,63,18,33,0.19,0.08,0.68
TSA-R,SETRAC,Hardin,Galveston,2020-06-23T00:00:00Z,353,1489,1842,19,243,5,33,0,53,1175,172,36,15,139,162,61,223,208,227,98,210,52,122,63,18,33,0.19,0.08,0.68
TSA-R,SETRAC,Jasper,Galveston,2020-06-23T00:00:00Z,353,1489,1842,19,243,5,33,0,53,1175,172,36,15,139,162,61,223,208,227,98,210,52,122,63,18,33,0.19,0.08,0.68
TSA-R,SETRAC,Jefferson,Galveston,2020-06-23T00:00:00Z,353,1489,1842,19,243,5,33,0,53,1175,172,36,15,139,162,61,223,208,227,98,210,52,122,63,18,33,0.19,0.08,0.68
TSA-R,SETRAC,Liberty,Galveston,2020-06-23T00:00:00Z,353,1489,1842,19,243,5,33,0,53,1175,172,36,15,139,162,61,223,208,227,98,210,52,122,63,18,33,0.19,0.08,0.68
TSA-R,SETRAC,Newton,Galveston,2020-06-23T00:00:00Z,353,1489,1842,19,243,5,33,0,53,1175,172,36,15,139,162,61,223,208,227,98,210,52,122,63,18,33,0.19,0.08,0.68
TSA-R,SETRAC,Orange,Galveston,2020-06-23T00:00:00Z,353,1489,1842,19,243,5,33,0,53,1175,172,36,15,139,162,61,223,208,227,98,210,52,122,63,18,33,0.19,0.08,0.68
TSA-S,STRAC,Calhoun,Victoria,2020-06-23T00:00:00Z,195,365,560,19,134,0,26,0,16,288,58,4,5,22,18,12,30,46,65,4,53,2,25,0,0,64,0.35,0.29,0.93
TSA-S,STRAC,DeWitt,Victoria,2020-06-23T00:00:00Z,195,365,560,19,134,0,26,0,16,288,58,4,5,22,18,12,30,46,65,4,53,2,25,0,0,64,0.35,0.29,0.93
TSA-S,STRAC,Goliad,Victoria,2020-06-23T00:00:00Z,195,365,560,19,134,0,26,0,16,288,58,4,5,22,18,12,30,46,65,4,53,2,25,0,0,64,0.35,0.29,0.93
TSA-S,STRAC,Jackson,Victoria,2020-06-23T00:00:00Z,195,365,560,19,134,0,26,0,16,288,58,4,5,22,18,12,30,46,65,4,53,2,25,0,0,64,0.35,0.29,0.93
TSA-S,STRAC,Lavaca,Victoria,2020-06-23T00:00:00Z,195,365,560,19,134,0,26,0,16,288,58,4,5,22,18,12,30,46,65,4,53,2,25,0,0,64,0.35,0.29,0.93
TSA-S,STRAC,Victoria,Victoria,2020-06-23T00:00:00Z,195,365,560,19,134,0,26,0,16,288,58,4,5,22,18,12,30,46,65,4,53,2,25,0,0,64,0.35,0.29,0.93
TSA-T,Coastal Bend,Jim Hogg,Laredo,2020-06-23T00:00:00Z,111,298,409,20,56,0,15,0,20,327,93,4,5,28,10,14,24,51,71,30,63,12,35,6,0,6,0.27,0.28,0.68
TSA-T,Coastal Bend,Webb,Laredo,2020-06-23T00:00:00Z,111,298,409,20,56,0,15,0,20,327,93,4,5,28,10,14,24,51,71,30,63,12,35,6,0,6,0.27,0.28,0.68
TSA-T,Coastal Bend,Zapata,Laredo,2020-06-23T00:00:00Z,111,298,409,20,56,0,15,0,20,327,93,4,5,28,10,14,24,51,71,30,63,12,35,6,0,6,0.27,0.28,0.68
TSA-U,Coastal Bend,Aransas,Corpus Christi,2020-06-23T00:00:00Z,286,1046,1332,5,133,6,57,2,83,897,175,27,8,21,21,18,39,163,168,44,174,60,85,16,0,3,0.21,0.03,0.8
TSA-U,Coastal Bend,Bee,Corpus Christi,2020-06-23T00:00:00Z,286,1046,1332,5,133,6,57,2,83,897,175,27,8,21,21,18,39,163,168,44,174,60,85,16,0,3,0.21,0.03,0.8
TSA-U,Coastal Bend,Brooks,Corpus Christi,2020-06-23T00:00:00Z,286,1046,1332,5,133,6,57,2,83,897,175,27,8,21,21,18,39,163,168,44,174,60,85,16,0,3,0.21,0.03,0.8
TSA-U,Coastal Bend,Duval,Corpus Christi,2020-06-23T00:00:00Z,286,1046,1332,5,133,6,57,2,83,897,175,27,8,21,21,18,39,163,168,44,174,60,85,16,0,3,0.21,0.03,0.8
TSA-U,Coastal Bend,Jim Wells,Corpus Christi,2020-06-23T00:00:00Z,286,1046,1332,5,133,6,57,2,83,897,175,27,8,21,21,18,39,163,168,44,174,60,85,16,0,3,0.21,0.03,0.8
TSA-U,Coastal Bend,Kenedy,Corpus Christi,2020-06-23T00:00:00Z,286,1046,1332,5,133,6,57,2,83,897,175,27,8,21,21,18,39,163,168,44,174,60,85,16,0,3,0.21,0.03,0.8
TSA-U,Coastal Bend,Kleberg,Corpus Christi,2020-06-23T00:00:00Z,286,1046,1332,5,133,6,57,2,83,897,175,27,8,21,21,18,39,163,168,44,174,60,85,16,0,3,0.21,0.03,0.8
TSA-U,Coastal Bend,Live Oak,Corpus Christi,2020-06-23T00:00:00Z,286,1046,1332,5,133,6,57,2,83,897,175,27,8,21,21,18,39,163,168,44,174,60,85,16,0,3,0.21,0.03,0.8
TSA-U,Coastal Bend,McMullen,Corpus Christi,2020-06-23T00:00:00Z,286,1046,1332,5,133,6,57,2,83,897,175,27,8,21,21,18,39,163,168,44,174,60,85,16,0,3,0.21,0.03,0.8
TSA-U,Coastal Bend,Nueces,Corpus Christi,2020-06-23T00:00:00Z,286,1046,1332,5,133,6,57,2,83,897,175,27,8,21,21,18,39,163,168,44,174,60,85,16,0,3,0.21,0.03,0.8
TSA-U,Coastal Bend,Refugio,Corpus Christi,2020-06-23T00:00:00Z,286,1046,1332,5,133,6,57,2,83,897,175,27,8,21,21,18,39,163,168,44,174,60,85,16,0,3,0.21,0.03,0.8
TSA-U,Coastal Bend,San Patricio,Corpus Christi,2020-06-23T00:00:00Z,286,1046,1332,5,133,6,57,2,83,897,175,27,8,21,21,18,39,163,168,44,174,60,85,16,0,3,0.21,0.03,0.8
TSA-V,Coastal Bend,Cameron,Lower Rio Grande Valley,2020-06-23T00:00:00Z,446,5831,6277,41,172,14,93,65,61,1568,443,82,28,161,234,78,312,234,275,126,218,73,156,48,1,41,0.07,0.15,0.63
TSA-V,Coastal Bend,Hidalgo,Lower Rio Grande Valley,2020-06-23T00:00:00Z,446,5831,6277,41,172,14,93,65,61,1568,443,82,28,161,234,78,312,234,275,126,218,73,156,48,1,41,0.07,0.15,0.63
TSA-V,Coastal Bend,Starr,Lower Rio Grande Valley,2020-06-23T00:00:00Z,446,5831,6277,41,172,14,93,65,61,1568,443,82,28,161,234,78,312,234,275,126,218,73,156,48,1,41,0.07,0.15,0.63
TSA-V,Coastal Bend,Willacy,Lower Rio Grande Valley,2020-06-23T00:00:00Z,446,5831,6277,41,172,14,93,65,61,1568,443,82,28,161,234,78,312,234,275,126,218,73,156,48,1,41,0.07,0.15,0.63
Total,None,NA,Texas,2020-06-23T00:00:00Z,12951,47456,60407,1320,7758,248,1282,537,1806,31555,6335,1287,282,3127,2990,1399,4389,5968,7288,2704,5850,1341,3135,1154,362,764,0.214,0.181,0.684
