date,tsa,location,lab_con_covid_icu_tot_7day_avg,covid_share_of_new_er_visits,covid_share_of_new_er_visits_7day_avg,covid19_admitted_gen_24h,covid19_admitted_gen_24h_7day_avg,covid19_admitted_icu_24h,covid19_admitted_icu_24h_7day_avg,covid19_er_visits_24h,covid19_er_visits_24h_7day_avg,lab_con_covid_gen_tot_7day_avg,lab_con_covid19_gen,lab_con_covid19_icu,total_er_visits_24h,total_er_visits_24h_7day_avg
2020-05-21,Total,Texas,661.8571428571429,0.12,0.117,755,701.571,203,197.714,2664,2518.571,1000.286,913,665,22231,21464.571
2020-05-20,Total,Texas,664.4285714285714,0.113,0.117,769,698.429,209,198.286,2570,2510.714,1017.429,990,690,22814,21430.857
2020-05-19,Total,Texas,662,0.126,0.119,811,687,239,202.429,3011,2517.429,1015.286,1097,694,23968,21199
2020-05-18,Total,Texas,659.1428571428571,0.107,0.119,634,680.429,205,198.571,2242,2502.857,1001.714,1057,675,20994,21076.571
2020-05-17,Total,Texas,662.5714285714286,0.106,0.12,573,669.429,164,196.429,1986,2488.571,997.286,933,618,18815,20761.714
2020-05-16,Total,Texas,661.4285714285714,0.125,0.119,586,664.857,174,199.857,2460,2473.714,994.714,908,604,19709,20668.714
2020-05-15,Total,Texas,669.5714285714286,0.124,0.118,783,675.857,190,204.429,2697,2445.143,1002.857,1104,687,21721,20667.857
2020-05-14,Total,Texas,667.7142857142857,0.119,0.118,733,667.143,207,204.429,2609,2431.143,996.714,1033,683,21995,20542.286
2020-05-13,Total,Texas,669.7142857142857,0.123,0.119,689,664.714,238,200.286,2617,2413.714,997.286,975,673,21191,20292.143
2020-05-12,Total,Texas,675.8571428571429,0.126,0.118,765,672,212,198.143,2909,2408,1005.714,1002,674,23111,20332
2020-05-11,Total,Texas,683.2857142857143,0.114,0.119,557,684.571,190,200.286,2142,2413.429,1017.714,1026,699,18790,20300.714
2020-05-10,Total,Texas,681.8571428571429,0.104,0.119,541,701.143,188,203.429,1882,2441,1042.429,915,610,18164,20450.571
2020-05-09,Total,Texas,683.8571428571429,0.115,0.127,663,721.143,206,202.429,2260,2596.429,1042.571,965,661,19703,20512
2020-05-08,Total,Texas,691,0.125,0.13,722,746.857,190,200.286,2599,2661.429,1049.571,1061,674,20842,20518
2020-05-07,Total,Texas,699.8571428571429,0.123,0.131,716,748.143,178,204.714,2487,2651.857,1046.857,1037,697,20244,20388.857
2020-05-06,Total,Texas,0,0.12,0,740,0,223,0,2577,0,0,1034,716,21470,0
2020-05-05,Total,Texas,0,0.129,0,853,0,227,0,2947,0,0,1086,726,22892,0
2020-05-04,Total,Texas,0,0.118,0,673,0,212,0,2335,0,0,1199,689,19839,0
2020-05-03,Total,Texas,0,0.16,0,681,0,181,0,2970,0,0,916,624,18594,0
2020-05-02,Total,Texas,0,0.138,0,843,0,191,0,2715,0,0,1014,711,19745,0
2020-05-01,Total,Texas,0,0.127,0,731,0,221,0,2532,0,0,1042,736,19938,0
2020-05-21,TSA-A,Amarillo,25.285714285714285,0.122,0.158,6,9.857,0,1.571,40,53.571,43.429,32,21,329,339
2020-05-20,TSA-A,Amarillo,26.714285714285715,0.14,0.166,11,10.857,2,1.857,47,56.143,45.714,37,26,335,337.571
2020-05-19,TSA-A,Amarillo,28,0.153,0.177,19,10.429,5,1.571,57,58.143,47.429,54,21,372,331
2020-05-18,TSA-A,Amarillo,30.142857142857142,0.172,0.188,10,9.429,0,1.429,58,58.857,46.286,48,22,338,316.286
2020-05-17,TSA-A,Amarillo,33.142857142857146,0.148,0.187,3,8.857,1,1.429,47,57.571,46.714,44,24,317,309
2020-05-16,TSA-A,Amarillo,35.857142857142854,0.181,0.183,10,10,1,1.714,63,56.143,48.286,42,30,348,308.143
2020-05-15,TSA-A,Amarillo,37.714285714285715,0.189,0.18,10,10.143,2,1.714,63,53.714,50.857,47,33,334,300.429
2020-05-14,TSA-A,Amarillo,39.57142857142857,0.182,0.174,13,10,2,2.143,58,51.429,53.143,48,31,319,298.571
2020-05-13,TSA-A,Amarillo,42,0.211,0.189,8,10.286,0,2.571,61,55.286,55.429,49,35,289,294.857
2020-05-12,TSA-A,Amarillo,44.285714285714285,0.23,0.201,12,11.714,4,3,62,60.429,56.714,46,36,269,300.857
2020-05-11,TSA-A,Amarillo,44.857142857142854,0.171,0.198,6,13.857,0,3.143,49,61.857,58.143,51,43,287,311.286
2020-05-10,TSA-A,Amarillo,44.57142857142857,0.119,0.202,11,15.857,3,4.571,37,65,57.857,55,43,311,321.857
2020-05-09,TSA-A,Amarillo,45.142857142857146,0.156,0.218,11,17,1,5.143,46,71.429,57.714,60,43,294,328.143
2020-05-08,TSA-A,Amarillo,44.714285714285715,0.146,0.22,9,17.286,5,5.571,47,73.286,56.429,63,46,321,334.286
2020-05-07,TSA-A,Amarillo,43.42857142857143,0.29,0.229,15,17.143,5,5.429,85,76,54.571,64,48,293,334.143
2020-05-06,TSA-A,Amarillo,0,0.293,0,18,0,3,0,97,0,0,58,51,331,0
2020-05-05,TSA-A,Amarillo,0,0.211,0,27,0,5,0,72,0,0,56,40,342,0
2020-05-04,TSA-A,Amarillo,0,0.197,0,20,0,10,0,71,0,0,49,41,361,0
2020-05-03,TSA-A,Amarillo,0,0.231,0,19,0,7,0,82,0,0,54,47,355,0
2020-05-02,TSA-A,Amarillo,0,0.175,0,13,0,4,0,59,0,0,51,40,337,0
2020-05-01,TSA-A,Amarillo,0,0.206,0,8,0,4,0,66,0,0,50,37,320,0
2020-05-21,TSA-B,Lubbock,13.285714285714286,0.026,0.047,5,6,2,2.429,12,21.571,6.714,4,11,459,453.714
2020-05-20,TSA-B,Lubbock,13.714285714285714,0.062,0.052,13,5.714,5,2.143,30,23.429,7.143,7,13,486,448.857
2020-05-19,TSA-B,Lubbock,14,0.079,0.049,2,4.143,2,1.429,37,21.571,7.143,11,14,470,441.571
2020-05-18,TSA-B,Lubbock,13.857142857142858,0.032,0.045,0,5.429,3,1.143,14,19.857,6.429,9,12,432,442.857
2020-05-17,TSA-B,Lubbock,14.285714285714286,0.04,0.045,7,6.429,1,0.714,17,20,6.571,7,13,429,442.714
2020-05-16,TSA-B,Lubbock,14.285714285714286,0.046,0.046,9,5.429,3,0.571,21,19.714,7,5,14,453,431.571
2020-05-15,TSA-B,Lubbock,14.285714285714286,0.045,0.049,6,4.714,1,0.143,20,21.143,7.857,4,16,447,428.143
2020-05-14,TSA-B,Lubbock,14.142857142857142,0.059,0.048,3,4.286,0,0,25,20.429,9,7,14,425,420.571
2020-05-13,TSA-B,Lubbock,14.571428571428571,0.039,0.045,2,4.429,0,0,17,19,9.571,7,15,435,419.714
2020-05-12,TSA-B,Lubbock,15.285714285714286,0.052,0.046,11,5.571,0,0,25,19.429,10.286,6,13,479,420.143
2020-05-11,TSA-B,Lubbock,16.857142857142858,0.035,0.044,7,4.571,0,0,15,18.143,11.286,10,15,431,411.143
2020-05-10,TSA-B,Lubbock,18.428571428571427,0.043,0.042,0,3.571,0,0,15,17.143,10.857,10,13,351,404.143
2020-05-09,TSA-B,Lubbock,20,0.072,0.04,4,4.429,0,0,31,17,10.143,11,14,429,420.286
2020-05-08,TSA-B,Lubbock,21.714285714285715,0.038,0.037,3,6.143,0,0,15,15.286,10.143,12,15,394,415.143
2020-05-07,TSA-B,Lubbock,23.571428571428573,0.036,0.034,4,6.429,0,0,15,14.286,9.571,11,17,419,411.714
2020-05-06,TSA-B,Lubbock,0,0.046,0,10,0,0,0,20,0,0,12,20,438,0
2020-05-05,TSA-B,Lubbock,0,0.038,0,4,0,0,0,16,0,0,13,24,416,0
2020-05-04,TSA-B,Lubbock,0,0.021,0,0,0,0,0,8,0,0,7,26,382,0
2020-05-03,TSA-B,Lubbock,0,0.03,0,6,0,0,0,14,0,0,5,24,464,0
2020-05-02,TSA-B,Lubbock,0,0.048,0,16,0,0,0,19,0,0,11,26,393,0
2020-05-01,TSA-B,Lubbock,0,0.022,0,5,0,0,0,8,0,0,8,28,370,0
2020-05-21,TSA-C,Witchita Falls,0,0.112,0.095,1,1.143,0,0.143,27,23.714,1,1,0,240,250.143
2020-05-20,TSA-C,Witchita Falls,0,0.089,0.092,1,1,0,0.143,25,22.714,1,1,0,281,249.143
2020-05-19,TSA-C,Witchita Falls,0,0.088,0.096,1,0.857,0,0.143,27,23.429,1,1,0,308,244.143
2020-05-18,TSA-C,Witchita Falls,0,0.09,0.105,1,1,0,0.286,24,24.714,0.857,1,0,268,234.286
2020-05-17,TSA-C,Witchita Falls,0,0.081,0.108,1,1.143,1,0.429,18,24.429,0.714,1,0,221,225.714
2020-05-16,TSA-C,Witchita Falls,0.2857142857142857,0.096,0.111,2,1.143,0,0.429,21,25.571,0.571,1,0,219,229.714
2020-05-15,TSA-C,Witchita Falls,0.5714285714285714,0.112,0.115,1,0.857,0,0.714,24,26.571,0.429,1,0,214,230.429
2020-05-14,TSA-C,Witchita Falls,0.8571428571428571,0.086,0.118,0,0.857,0,1,20,27.571,0.286,1,0,233,232.714
2020-05-13,TSA-C,Witchita Falls,0.8571428571428571,0.122,0.124,0,1,0,1,30,29,0.143,1,0,246,233.714
2020-05-12,TSA-C,Witchita Falls,0.8571428571428571,0.151,0.129,2,1.429,1,1,36,29.857,0,0,0,239,230.714
2020-05-11,TSA-C,Witchita Falls,0.8571428571428571,0.106,0.126,2,1.429,1,0.857,22,29.714,0,0,0,208,235.571
2020-05-10,TSA-C,Witchita Falls,0.8571428571428571,0.104,0.127,1,1.143,1,0.714,26,30.286,0,0,2,249,239.857
2020-05-09,TSA-C,Witchita Falls,0.5714285714285714,0.125,0.128,0,1,2,0.571,28,30.286,0,0,2,224,236.286
2020-05-08,TSA-C,Witchita Falls,0.2857142857142857,0.135,0.122,1,1,2,0.286,31,28.714,0,0,2,230,234.143
2020-05-07,TSA-C,Witchita Falls,0,0.125,0.116,1,1,0,0,30,27.143,0,0,0,240,232
2020-05-06,TSA-C,Witchita Falls,0,0.16,0,3,0,0,0,36,0,0,0,0,225,0
2020-05-05,TSA-C,Witchita Falls,0,0.128,0,2,0,0,0,35,0,0,0,0,273,0
2020-05-04,TSA-C,Witchita Falls,0,0.109,0,0,0,0,0,26,0,0,0,0,238,0
2020-05-03,TSA-C,Witchita Falls,0,0.116,0,0,0,0,0,26,0,0,0,0,224,0
2020-05-02,TSA-C,Witchita Falls,0,0.081,0,0,0,0,0,17,0,0,0,0,209,0
2020-05-01,TSA-C,Witchita Falls,0,0.093,0,1,0,0,0,20,0,0,0,0,215,0
2020-05-21,TSA-D,Abilene,2.4285714285714284,0.056,0.043,7,5.857,3,3,18,13.429,1.429,1,2,319,312.429
2020-05-20,TSA-D,Abilene,2.4285714285714284,0.047,0.041,4,5.857,5,2.857,16,12.571,1.429,2,5,337,307.857
2020-05-19,TSA-D,Abilene,2,0.045,0.04,9,6,3,2.429,17,12.286,1.429,2,2,375,304.429
2020-05-18,TSA-D,Abilene,1.8571428571428572,0.023,0.04,3,5.857,2,2.143,7,11.857,1.429,2,2,301,294.143
2020-05-17,TSA-D,Abilene,1.8571428571428572,0.024,0.041,6,6.143,3,2.143,7,11.857,1.429,1,2,288,291.571
2020-05-16,TSA-D,Abilene,1.8571428571428572,0.059,0.044,6,5.571,3,2,16,13.143,1.714,1,2,272,295.857
2020-05-15,TSA-D,Abilene,1.7142857142857142,0.044,0.043,6,5.714,2,2,13,13,1.857,1,2,295,301.429
2020-05-14,TSA-D,Abilene,1.4285714285714286,0.042,0.044,7,5.571,2,1.714,12,13.571,1.857,1,2,287,306.143
2020-05-13,TSA-D,Abilene,1.1428571428571428,0.045,0.048,5,5.714,2,1.429,14,14.571,2,2,2,313,305.714
2020-05-12,TSA-D,Abilene,0.8571428571428571,0.046,0.051,8,6.429,1,1.429,14,15.286,2.143,2,1,303,302.429
2020-05-11,TSA-D,Abilene,0.7142857142857143,0.025,0.058,5,8.429,2,1.429,7,17.286,2.286,2,2,283,301.429
2020-05-10,TSA-D,Abilene,0.5714285714285714,0.05,0.067,2,9.143,2,1.286,16,20.286,2.571,3,2,318,305.571
2020-05-09,TSA-D,Abilene,0.42857142857142855,0.048,0.067,7,9.857,3,1.143,15,20.429,2.857,2,1,311,306.857
2020-05-08,TSA-D,Abilene,0.42857142857142855,0.052,0.072,5,9.857,0,1.143,17,21.571,3,1,0,328,302.857
2020-05-07,TSA-D,Abilene,0.7142857142857143,0.067,0.072,8,10.143,0,1.714,19,21.286,3.143,2,0,284,296.857
2020-05-06,TSA-D,Abilene,0,0.066,0,10,0,2,0,19,0,0,3,0,290,0
2020-05-05,TSA-D,Abilene,0,0.095,0,22,0,1,0,28,0,0,3,0,296,0
2020-05-04,TSA-D,Abilene,0,0.09,0,10,0,1,0,28,0,0,4,1,312,0
2020-05-03,TSA-D,Abilene,0,0.052,0,7,0,1,0,17,0,0,5,1,327,0
2020-05-02,TSA-D,Abilene,0,0.081,0,7,0,3,0,23,0,0,3,1,283,0
2020-05-01,TSA-D,Abilene,0,0.052,0,7,0,4,0,15,0,0,2,2,286,0
2020-05-21,TSA-E,Dallas/Ft. Worth,219.71428571428572,0.166,0.176,321,306,68,64.857,999,987.143,387.571,362,208,6009,5618.857
2020-05-20,TSA-E,Dallas/Ft. Worth,226.14285714285714,0.157,0.177,315,303.714,67,65.571,955,986.143,396.857,390,210,6089,5598.857
2020-05-19,TSA-E,Dallas/Ft. Worth,231.57142857142858,0.186,0.182,364,305.714,71,66,1169,1006.429,400.857,413,233,6283,5544
2020-05-18,TSA-E,Dallas/Ft. Worth,231.71428571428572,0.155,0.18,286,301.143,73,67.429,852,989.571,398,412,234,5503,5496.571
2020-05-17,TSA-E,Dallas/Ft. Worth,231.28571428571428,0.154,0.18,241,292.143,44,66.857,720,977.571,403,349,204,4679,5412.143
2020-05-16,TSA-E,Dallas/Ft. Worth,229.28571428571428,0.227,0.18,267,286.857,66,69.714,1110,967.857,401.714,348,203,4898,5366.857
2020-05-15,TSA-E,Dallas/Ft. Worth,231.57142857142858,0.188,0.173,348,284,65,68,1105,930.857,402,439,246,5871,5345.571
2020-05-14,TSA-E,Dallas/Ft. Worth,230.57142857142858,0.169,0.172,305,278.429,73,67.429,992,919.143,398,427,253,5869,5318.429
2020-05-13,TSA-E,Dallas/Ft. Worth,229.14285714285714,0.192,0.173,329,274.143,70,66.143,1097,917.857,398.857,418,248,5705,5272.286
2020-05-12,TSA-E,Dallas/Ft. Worth,229.85714285714286,0.177,0.171,332,268.857,81,71.143,1051,898.429,398.571,393,234,5951,5217.143
2020-05-11,TSA-E,Dallas/Ft. Worth,232.57142857142858,0.156,0.172,223,268.857,69,72.143,768,906.714,403.286,447,231,4912,5238.571
2020-05-10,TSA-E,Dallas/Ft. Worth,233.14285714285714,0.149,0.175,204,272.857,64,73.143,652,928.143,402.143,340,190,4362,5284.429
2020-05-09,TSA-E,Dallas/Ft. Worth,234.28571428571428,0.179,0.179,247,277.571,54,71.857,851,957.143,401,350,219,4749,5357
2020-05-08,TSA-E,Dallas/Ft. Worth,238.71428571428572,0.18,0.181,309,297.143,61,73.286,1023,983.143,406,411,239,5681,5443.429
2020-05-07,TSA-E,Dallas/Ft. Worth,239.57142857142858,0.177,0.181,275,299,64,74.714,983,980.143,403.143,433,243,5546,5406.143
2020-05-06,TSA-E,Dallas/Ft. Worth,0,0.181,0,292,0,105,0,961,0,0,416,253,5319,0
2020-05-05,TSA-E,Dallas/Ft. Worth,0,0.182,0,332,0,88,0,1109,0,0,426,253,6101,0
2020-05-04,TSA-E,Dallas/Ft. Worth,0,0.175,0,251,0,76,0,918,0,0,439,235,5233,0
2020-05-03,TSA-E,Dallas/Ft. Worth,0,0.176,0,237,0,55,0,855,0,0,332,198,4870,0
2020-05-02,TSA-E,Dallas/Ft. Worth,0,0.193,0,384,0,64,0,1033,0,0,385,250,5354,0
2020-05-01,TSA-E,Dallas/Ft. Worth,0,0.185,0,322,0,71,0,1002,0,0,391,245,5420,0
2020-05-21,TSA-F,Paris,7.142857142857143,0.107,0.056,15,9,2,2.286,39,20.429,8.286,17,6,364,366.429
2020-05-20,TSA-F,Paris,7.285714285714286,0.044,0.05,9,7.714,0,2.429,17,18.286,6.714,11,6,388,364.714
2020-05-19,TSA-F,Paris,7.285714285714286,0.05,0.052,16,7.857,4,3,20,18.714,5.857,6,7,397,359.714
2020-05-18,TSA-F,Paris,7,0.07,0.051,5,7,3,2.714,25,18.143,6.286,6,6,358,351.429
2020-05-17,TSA-F,Paris,7.142857142857143,0.025,0.049,4,7.143,2,2.429,8,17.143,6.714,5,9,322,348.714
2020-05-16,TSA-F,Paris,7.142857142857143,0.035,0.051,6,7.857,2,3.286,13,17.857,7,6,8,371,349
2020-05-15,TSA-F,Paris,7,0.058,0.052,8,7.571,3,3.571,21,18,7.143,7,8,365,342.857
2020-05-14,TSA-F,Paris,6.571428571428571,0.068,0.05,6,6.857,3,3.429,24,16.857,7.143,6,7,352,336.857
2020-05-13,TSA-F,Paris,6.285714285714286,0.057,0.044,10,6.429,4,3.143,20,14.857,7.857,5,6,353,336.857
2020-05-12,TSA-F,Paris,6.285714285714286,0.047,0.041,10,5.857,2,2.857,16,13.714,8.571,9,5,339,335.857
2020-05-11,TSA-F,Paris,6.142857142857143,0.053,0.039,6,4.714,1,3.286,18,13.571,8.571,9,7,339,345.857
2020-05-10,TSA-F,Paris,5.571428571428571,0.04,0.037,9,4.429,8,3.857,13,12.714,9.143,7,9,324,345.714
2020-05-09,TSA-F,Paris,5.285714285714286,0.043,0.041,4,3.857,4,2.714,14,14.143,9.571,7,7,328,347.571
2020-05-08,TSA-F,Paris,5.571428571428571,0.04,0.041,3,4,2,2.286,13,14.143,10,7,5,323,344.571
2020-05-07,TSA-F,Paris,6.285714285714286,0.028,0.042,3,5.143,1,2.857,10,14.143,10.143,11,5,352,341.571
2020-05-06,TSA-F,Paris,0,0.035,0,6,0,2,0,12,0,0,10,6,346,0
2020-05-05,TSA-F,Paris,0,0.037,0,2,0,5,0,15,0,0,9,4,409,0
2020-05-04,TSA-F,Paris,0,0.036,0,4,0,5,0,12,0,0,13,3,338,0
2020-05-03,TSA-F,Paris,0,0.068,0,5,0,0,0,23,0,0,10,7,337,0
2020-05-02,TSA-F,Paris,0,0.046,0,5,0,1,0,14,0,0,10,9,307,0
2020-05-01,TSA-F,Paris,0,0.043,0,11,0,6,0,13,0,0,8,10,302,0
2020-05-21,TSA-G,Longview/Tyler,17,0.117,0.091,25,27,3,5.714,127,99.857,22,21,15,1083,1126
2020-05-20,TSA-G,Longview/Tyler,18.428571428571427,0.094,0.089,29,28,8,6,102,96.571,21.857,20,18,1085,1115.571
2020-05-19,TSA-G,Longview/Tyler,18.857142857142858,0.087,0.092,34,27.143,8,6,94,99.571,21.714,25,16,1081,1113.286
2020-05-18,TSA-G,Longview/Tyler,19.428571428571427,0.054,0.098,30,25.857,8,6,89,106.571,20.857,24,16,1642,1120.286
2020-05-17,TSA-G,Longview/Tyler,20.428571428571427,0.095,0.104,21,24.286,6,5.857,91,106.286,20.286,25,16,961,1016
2020-05-16,TSA-G,Longview/Tyler,21.142857142857142,0.082,0.1,24,24.143,3,6,86,100,20.286,20,17,1043,978
2020-05-15,TSA-G,Longview/Tyler,21.857142857142858,0.111,0.1,26,24.857,4,6.429,110,98,21.286,19,21,987,961.714
2020-05-14,TSA-G,Longview/Tyler,22.285714285714285,0.103,0.101,32,26.714,5,6.714,104,100,23,20,25,1010,965.286
2020-05-13,TSA-G,Longview/Tyler,21.428571428571427,0.115,0.105,23,28,8,7,123,103.286,24.571,19,21,1069,958.571
2020-05-12,TSA-G,Longview/Tyler,21.428571428571427,0.127,0.105,25,28.857,8,6.857,143,101.143,26.429,19,20,1130,943.714
2020-05-11,TSA-G,Longview/Tyler,22,0.095,0.105,19,30.571,7,6.429,87,102.571,28.429,20,23,912,956.714
2020-05-10,TSA-G,Longview/Tyler,21.857142857142858,0.068,0.107,20,32.571,7,7,47,105.714,30.143,25,21,695,969.571
2020-05-09,TSA-G,Longview/Tyler,23.714285714285715,0.078,0.201,29,35,6,7,72,206.714,35.429,27,22,929,1018.143
2020-05-08,TSA-G,Longview/Tyler,24.285714285714285,0.123,0.21,39,36.714,6,6.571,124,215.857,37.571,31,24,1012,1022.714
2020-05-07,TSA-G,Longview/Tyler,24.428571428571427,0.132,0.209,41,35.286,7,6.714,127,213,38.571,31,19,963,1009.143
2020-05-06,TSA-G,Longview/Tyler,0,0.112,0,29,0,7,0,108,0,0,32,21,965,0
2020-05-05,TSA-G,Longview/Tyler,0,0.125,0,37,0,5,0,153,0,0,33,24,1221,0
2020-05-04,TSA-G,Longview/Tyler,0,0.109,0,33,0,11,0,109,0,0,32,22,1002,0
2020-05-03,TSA-G,Longview/Tyler,0,0.729,0,37,0,7,0,754,0,0,62,34,1035,0
2020-05-02,TSA-G,Longview/Tyler,0,0.142,0,41,0,3,0,136,0,0,42,26,961,0
2020-05-01,TSA-G,Longview/Tyler,0,0.113,0,29,0,7,0,104,0,0,38,25,917,0
2020-05-21,TSA-H,Lufkin,1.2857142857142858,0.038,0.038,1,2.857,1,1.143,11,10,11,8,1,287,266.857
2020-05-20,TSA-H,Lufkin,1.2857142857142858,0.024,0.038,1,3.429,0,1.286,7,9.857,11.571,12,1,288,265.714
2020-05-19,TSA-H,Lufkin,1.4285714285714286,0.035,0.043,3,4.429,0,1.857,10,11.143,11.143,10,1,286,263.857
2020-05-18,TSA-H,Lufkin,1.7142857142857142,0.03,0.049,5,4.571,1,2.286,8,12.571,11.143,8,2,267,259
2020-05-17,TSA-H,Lufkin,3,0.035,0.054,4,4.286,2,2.429,9,13.143,10.286,10,1,258,247.286
2020-05-16,TSA-H,Lufkin,3.142857142857143,0.039,0.056,4,3.714,1,2.429,10,13.571,10.429,16,2,258,244.429
2020-05-15,TSA-H,Lufkin,3.7142857142857144,0.067,0.06,2,5.143,3,3.286,15,14.857,9.857,13,1,224,247.571
2020-05-14,TSA-H,Lufkin,4,0.036,0.057,5,5.571,2,2.857,10,14.429,9.286,12,1,279,256.714
2020-05-13,TSA-H,Lufkin,4.714285714285714,0.058,0.061,8,5.286,4,3.143,16,15.143,8.571,9,2,275,250.143
2020-05-12,TSA-H,Lufkin,4.857142857142857,0.079,0.059,4,4.571,3,3.286,20,14.429,8.429,10,3,252,248.571
2020-05-11,TSA-H,Lufkin,5,0.065,0.054,3,4.571,2,3.143,12,13.571,8.429,2,11,185,254.714
2020-05-10,TSA-H,Lufkin,4.142857142857143,0.05,0.053,0,5.286,2,3.286,12,14,10,11,2,238,266.286
2020-05-09,TSA-H,Lufkin,4.142857142857143,0.068,0.056,14,6.143,7,3.286,19,14.571,10.429,12,6,280,264.571
2020-05-08,TSA-H,Lufkin,4,0.042,0.058,5,5.286,0,2.714,12,14.714,10.857,9,3,288,259.857
2020-05-07,TSA-H,Lufkin,4.142857142857143,0.064,0.062,3,5.143,4,3.143,15,15.714,11.286,7,6,233,257.714
2020-05-06,TSA-H,Lufkin,0,0.042,0,3,0,5,0,11,0,0,8,3,264,0
2020-05-05,TSA-H,Lufkin,0,0.047,0,4,0,2,0,14,0,0,10,4,295,0
2020-05-04,TSA-H,Lufkin,0,0.056,0,8,0,3,0,15,0,0,13,5,266,0
2020-05-03,TSA-H,Lufkin,0,0.071,0,6,0,2,0,16,0,0,14,2,226,0
2020-05-02,TSA-H,Lufkin,0,0.081,0,8,0,3,0,20,0,0,15,5,247,0
2020-05-01,TSA-H,Lufkin,0,0.07,0,4,0,3,0,19,0,0,12,4,273,0
2020-05-21,TSA-I,El Paso,53.142857142857146,0.084,0.09,34,26.286,9,10.143,60,64.571,58.571,46,70,715,720.857
2020-05-20,TSA-I,El Paso,48.714285714285715,0.091,0.089,27,24.714,15,10.143,72,64,59.429,60,58,788,724.143
2020-05-19,TSA-I,El Paso,46,0.1,0.087,21,24.714,16,9.429,77,62.714,58.143,66,60,771,720
2020-05-18,TSA-I,El Paso,43.285714285714285,0.105,0.085,28,24.714,12,8.429,72,60.429,56.143,63,48,687,714
2020-05-17,TSA-I,El Paso,43.142857142857146,0.101,0.086,28,24.286,6,8,67,59.143,54.429,65,43,666,697.429
2020-05-16,TSA-I,El Paso,43.285714285714285,0.081,0.082,25,22,5,8,57,56.286,52.857,54,44,703,696.143
2020-05-15,TSA-I,El Paso,44.142857142857146,0.066,0.082,21,21.429,8,9,47,56,52.714,56,49,716,688.429
2020-05-14,TSA-I,El Paso,43.42857142857143,0.076,0.085,23,20.286,9,9,56,57.286,52.571,52,39,738,683.571
2020-05-13,TSA-I,El Paso,44.42857142857143,0.083,0.088,27,20.571,10,8.857,63,59,50.143,51,39,759,676.286
2020-05-12,TSA-I,El Paso,44.714285714285715,0.084,0.091,21,22,9,8.714,61,60.857,47.571,52,41,729,669.286
2020-05-11,TSA-I,El Paso,44.285714285714285,0.11,0.091,25,22.143,9,8.286,63,60.857,45,51,47,571,671.857
2020-05-10,TSA-I,El Paso,43.285714285714285,0.072,0.087,12,21,6,7.714,47,58.571,42.429,54,44,657,675.571
2020-05-09,TSA-I,El Paso,42.857142857142854,0.085,0.086,21,23,12,8.286,55,58.429,38.714,53,50,649,676.714
2020-05-08,TSA-I,El Paso,41.57142857142857,0.082,0.086,13,22.714,8,7.571,56,57.714,35.857,55,44,682,671
2020-05-07,TSA-I,El Paso,41.285714285714285,0.099,0.084,25,24.143,8,7.714,68,56.571,33,35,46,687,667.429
2020-05-06,TSA-I,El Paso,0,0.107,0,37,0,9,0,76,0,0,33,41,710,0
2020-05-05,TSA-I,El Paso,0,0.082,0,22,0,6,0,61,0,0,34,38,747,0
2020-05-04,TSA-I,El Paso,0,0.079,0,17,0,5,0,47,0,0,33,40,597,0
2020-05-03,TSA-I,El Paso,0,0.069,0,26,0,10,0,46,0,0,28,41,665,0
2020-05-02,TSA-I,El Paso,0,0.082,0,19,0,7,0,50,0,0,33,41,609,0
2020-05-01,TSA-I,El Paso,0,0.073,0,23,0,9,0,48,0,0,35,42,657,0
2020-05-21,TSA-J,Midland/Odessa,2.2857142857142856,0.05,0.035,3,1.857,2,1.143,19,13.429,14.143,6,3,383,381.286
2020-05-20,TSA-J,Midland/Odessa,2.142857142857143,0.026,0.036,2,1.571,1,0.857,10,13.571,17.286,7,2,381,380.857
2020-05-19,TSA-J,Midland/Odessa,2.142857142857143,0.033,0.038,1,1.571,2,0.714,15,14.714,20.286,9,3,448,387
2020-05-18,TSA-J,Midland/Odessa,2.142857142857143,0.037,0.04,1,1.714,1,0.571,14,15,23.143,16,2,376,374.714
2020-05-17,TSA-J,Midland/Odessa,2.142857142857143,0.028,0.044,2,1.714,1,0.571,10,15.857,24.714,16,2,357,363
2020-05-16,TSA-J,Midland/Odessa,2.2857142857142856,0.03,0.047,1,1.571,1,0.571,11,16.714,26.429,20,2,372,359.857
2020-05-15,TSA-J,Midland/Odessa,2.2857142857142856,0.043,0.047,3,1.571,0,0.857,15,16.714,27.571,25,2,352,359.714
2020-05-14,TSA-J,Midland/Odessa,2.4285714285714284,0.053,0.046,1,1.571,0,1.286,20,16.429,28.143,28,2,380,364
2020-05-13,TSA-J,Midland/Odessa,2.5714285714285716,0.042,0.047,2,2.143,0,1.286,18,16.857,27.857,28,2,424,364.571
2020-05-12,TSA-J,Midland/Odessa,2.5714285714285716,0.047,0.048,2,2,1,1.286,17,16.714,27.571,29,3,362,355
2020-05-11,TSA-J,Midland/Odessa,2.4285714285714284,0.068,0.053,1,6.143,1,1.429,20,19,27,27,2,294,358.714
2020-05-10,TSA-J,Midland/Odessa,2.2857142857142856,0.048,0.049,1,8.143,1,1.429,16,18,25.143,28,3,335,363.429
2020-05-09,TSA-J,Midland/Odessa,2.2857142857142856,0.03,0.05,1,8.714,3,1.286,11,18.286,21.857,28,2,371,366.571
2020-05-08,TSA-J,Midland/Odessa,2.4285714285714284,0.034,0.052,3,9.143,3,1,13,19.143,18.286,29,3,382,361.714
2020-05-07,TSA-J,Midland/Odessa,2.2857142857142856,0.06,0.054,5,9.429,0,0.571,23,19.571,14.857,26,3,384,357.143
2020-05-06,TSA-J,Midland/Odessa,0,0.048,0,1,0,0,0,17,0,0,26,2,357,0
2020-05-05,TSA-J,Midland/Odessa,0,0.085,0,31,0,2,0,33,0,0,25,2,388,0
2020-05-04,TSA-J,Midland/Odessa,0,0.04,0,15,0,1,0,13,0,0,14,1,327,0
2020-05-03,TSA-J,Midland/Odessa,0,0.05,0,5,0,0,0,18,0,0,5,3,357,0
2020-05-02,TSA-J,Midland/Odessa,0,0.05,0,4,0,1,0,17,0,0,3,3,337,0
2020-05-01,TSA-J,Midland/Odessa,0,0.046,0,5,0,0,0,16,0,0,5,2,350,0
2020-05-21,TSA-K,San Angelo,0,0.089,0.073,1,3.714,0,0.571,11,10.571,0.429,0,0,124,146.571
2020-05-20,TSA-K,San Angelo,0,0.071,0.067,7,4.714,2,0.714,12,10,0.429,0,0,169,150.571
2020-05-19,TSA-K,San Angelo,0,0.083,0.06,3,4.714,0,0.857,14,8.714,0.429,3,0,169,145.857
2020-05-18,TSA-K,San Angelo,0,0.013,0.062,2,5.714,0,1,2,8.714,0,0,0,154,142.286
2020-05-17,TSA-K,San Angelo,0,0.061,0.074,3,5.714,1,1,8,10.286,0.143,0,0,132,139.429
2020-05-16,TSA-K,San Angelo,0.14285714285714285,0.102,0.08,4,5.857,0,1.286,13,11.143,0.286,0,0,127,140.429
2020-05-15,TSA-K,San Angelo,0.2857142857142857,0.093,0.077,6,6,1,1.714,14,11,0.429,0,0,151,143.571
2020-05-14,TSA-K,San Angelo,0.2857142857142857,0.046,0.074,8,6.143,1,2,7,10.429,0.571,0,0,152,141.857
2020-05-13,TSA-K,San Angelo,0.2857142857142857,0.022,0.09,7,6,3,2.143,3,12.571,0.571,0,0,136,139.714
2020-05-12,TSA-K,San Angelo,0.2857142857142857,0.097,0.103,10,5.429,1,1.714,14,14,0.571,0,0,144,137.286
2020-05-11,TSA-K,San Angelo,0.2857142857142857,0.097,0.107,2,5.714,0,1.857,13,14.714,0.571,1,0,134,138.429
2020-05-10,TSA-K,San Angelo,0.2857142857142857,0.101,0.112,4,6.429,3,1.857,14,15.143,0.429,1,1,139,136
2020-05-09,TSA-K,San Angelo,0.14285714285714285,0.081,0.114,5,6.714,3,1.429,12,15.429,0.286,1,1,149,136.857
2020-05-08,TSA-K,San Angelo,0,0.072,0.109,7,6.143,3,1,10,14.571,0.143,1,0,139,133.571
2020-05-07,TSA-K,San Angelo,0,0.161,0.11,7,6,2,0.714,22,14.857,0,0,0,137,134.429
2020-05-06,TSA-K,San Angelo,0,0.109,0,3,0,0,0,13,0,0,0,0,119,0
2020-05-05,TSA-K,San Angelo,0,0.125,0,12,0,2,0,19,0,0,0,0,152,0
2020-05-04,TSA-K,San Angelo,0,0.137,0,7,0,0,0,16,0,0,0,0,117,0
2020-05-03,TSA-K,San Angelo,0,0.11,0,6,0,0,0,16,0,0,0,0,145,0
2020-05-02,TSA-K,San Angelo,0,0.048,0,1,0,0,0,6,0,0,0,0,126,0
2020-05-01,TSA-K,San Angelo,0,0.083,0,6,0,1,0,12,0,0,0,0,145,0
2020-05-21,TSA-L,Belton/Killeen,5.285714285714286,0.27,0.174,8,4.714,2,2.571,169,96,9.714,13,6,626,549.571
2020-05-20,TSA-L,Belton/Killeen,5.285714285714286,0.124,0.163,1,4.714,2,2.571,72,90.429,9.143,6,4,581,557.286
2020-05-19,TSA-L,Belton/Killeen,5.714285714285714,0.281,0.158,5,5,1,2.429,162,86.857,8.571,15,6,577,547.286
2020-05-18,TSA-L,Belton/Killeen,5.571428571428571,0.204,0.157,4,4.857,1,2.857,82,83.143,7.714,14,5,402,536.429
2020-05-17,TSA-L,Belton/Killeen,5.857142857142857,0.112,0.144,8,4.857,3,2.714,59,80.286,6.429,9,5,529,554.857
2020-05-16,TSA-L,Belton/Killeen,5.857142857142857,0.102,0.142,5,4.714,6,2.857,60,80.286,5.714,5,6,591,565
2020-05-15,TSA-L,Belton/Killeen,5.714285714285714,0.126,0.142,2,4.429,3,2.143,68,80.571,5.571,6,5,541,568.286
2020-05-14,TSA-L,Belton/Killeen,5.285714285714286,0.191,0.156,8,7,2,1.857,130,85.571,5.714,9,6,680,557.429
2020-05-13,TSA-L,Belton/Killeen,4.714285714285714,0.092,0.144,3,6.286,1,1.714,47,73.857,5.857,2,7,511,526.286
2020-05-12,TSA-L,Belton/Killeen,4.142857142857143,0.271,0.145,4,6.143,4,1.571,136,77,6.714,9,5,501,551.714
2020-05-11,TSA-L,Belton/Killeen,3.857142857142857,0.117,0.121,4,6.571,0,1.286,62,67.714,6.714,5,7,531,576.429
2020-05-10,TSA-L,Belton/Killeen,3.5714285714285716,0.098,0.127,7,6.714,4,1.286,59,73.143,7.714,4,5,600,588.571
2020-05-09,TSA-L,Belton/Killeen,3.142857142857143,0.101,0.153,3,6.571,1,0.857,62,81.429,8.714,4,5,614,563
2020-05-08,TSA-L,Belton/Killeen,2.857142857142857,0.222,0.167,20,8.143,1,0.857,103,91.143,10.143,7,2,465,568
2020-05-07,TSA-L,Belton/Killeen,3.142857142857143,0.104,0.17,3,6.857,1,0.857,48,96.571,10.286,10,2,462,584.286
2020-05-06,TSA-L,Belton/Killeen,0,0.1,0,2,0,0,0,69,0,0,8,3,689,0
2020-05-05,TSA-L,Belton/Killeen,0,0.105,0,7,0,2,0,71,0,0,9,3,674,0
2020-05-04,TSA-L,Belton/Killeen,0,0.162,0,5,0,0,0,100,0,0,12,5,616,0
2020-05-03,TSA-L,Belton/Killeen,0,0.278,0,6,0,1,0,117,0,0,11,2,421,0
2020-05-02,TSA-L,Belton/Killeen,0,0.2,0,14,0,1,0,130,0,0,14,3,649,0
2020-05-01,TSA-L,Belton/Killeen,0,0.244,0,11,0,1,0,141,0,0,8,4,579,0
2020-05-21,TSA-M,Waco,0.14285714285714285,0.031,0.066,17,9.571,3,2.571,12,23.857,1.143,0,0,388,361.571
2020-05-20,TSA-M,Waco,0.2857142857142857,0.064,0.083,10,9.286,5,2.714,24,27.571,1.286,0,0,377,343.857
2020-05-19,TSA-M,Waco,0.2857142857142857,0.06,0.087,11,9.857,0,2.571,25,28.571,1.286,1,0,420,337.286
2020-05-18,TSA-M,Waco,0.42857142857142855,0.057,0.085,10,10.857,1,3,17,27.429,1.143,3,0,299,329.714
2020-05-17,TSA-M,Waco,0.5714285714285714,0.053,0.081,7,11.571,5,3.143,17,26.571,0.714,1,1,323,334.571
2020-05-16,TSA-M,Waco,0.5714285714285714,0.073,0.078,9,10.571,4,2.429,27,25.286,0.571,1,0,369,331.571
2020-05-15,TSA-M,Waco,0.7142857142857143,0.127,0.072,3,9.286,0,2.286,45,23,0.429,2,0,355,324
2020-05-14,TSA-M,Waco,0.8571428571428571,0.144,0.059,15,12.143,4,2.714,38,18.286,0.143,1,1,264,321.857
2020-05-13,TSA-M,Waco,0.8571428571428571,0.094,0.052,14,11.714,4,2.286,31,17.429,0,0,0,331,331.429
2020-05-12,TSA-M,Waco,1,0.046,0.052,18,12.429,3,2.143,17,17.429,0,0,1,367,334.143
2020-05-11,TSA-M,Waco,1,0.033,0.059,15,10.857,2,2.143,11,20.143,0,0,1,333,335.857
2020-05-10,TSA-M,Waco,1.1428571428571428,0.026,0.064,0,9.857,0,2.714,8,21.857,0,0,1,302,335.429
2020-05-09,TSA-M,Waco,1.2857142857142858,0.035,0.068,0,10.143,3,3,11,23.286,0.143,0,1,316,338.143
2020-05-08,TSA-M,Waco,1.4285714285714286,0.035,0.07,23,11,3,2.714,12,23.857,0.286,0,1,340,340.714
2020-05-07,TSA-M,Waco,1.4285714285714286,0.097,0.079,12,9.143,1,2.571,32,26.429,0.429,0,1,331,335.429
2020-05-06,TSA-M,Waco,0,0.089,0,19,0,3,0,31,0,0,0,1,350,0
2020-05-05,TSA-M,Waco,0,0.095,0,7,0,3,0,36,0,0,0,1,379,0
2020-05-04,TSA-M,Waco,0,0.07,0,8,0,6,0,23,0,0,0,2,330,0
2020-05-03,TSA-M,Waco,0,0.056,0,2,0,2,0,18,0,0,1,2,321,0
2020-05-02,TSA-M,Waco,0,0.045,0,6,0,1,0,15,0,0,1,2,334,0
2020-05-01,TSA-M,Waco,0,0.099,0,10,0,2,0,30,0,0,1,1,303,0
2020-05-21,TSA-N,Bryan/College Station,4.285714285714286,0.288,0.191,3,6,0,4,51,52.571,9,7,2,177,281.286
2020-05-20,TSA-N,Bryan/College Station,4.285714285714286,0.179,0.182,4,6.571,4,4.571,62,54.857,9.857,9,4,346,298.714
2020-05-19,TSA-N,Bryan/College Station,3.857142857142857,0.241,0.184,11,7.286,11,4,77,55.857,10.714,9,3,320,300
2020-05-18,TSA-N,Bryan/College Station,3.7142857142857144,0.165,0.174,6,7.143,0,2.714,45,54,11.286,9,7,273,309.429
2020-05-17,TSA-N,Bryan/College Station,2.857142857142857,0.15,0.178,6,7.714,2,3.286,34,56.143,12,8,5,227,314.714
2020-05-16,TSA-N,Bryan/College Station,2.4285714285714284,0.164,0.177,7,9,3,3.429,50,57.286,12.857,10,5,305,324.286
2020-05-15,TSA-N,Bryan/College Station,2.142857142857143,0.153,0.178,5,9,8,3.143,49,57.571,12.714,11,4,321,323.571
2020-05-14,TSA-N,Bryan/College Station,2.2857142857142856,0.224,0.191,7,8.857,4,2.143,67,61.286,12.286,13,2,299,321.286
2020-05-13,TSA-N,Bryan/College Station,2.7142857142857144,0.194,0.188,9,8.857,0,1.714,69,60.571,12.143,15,1,355,323.286
2020-05-12,TSA-N,Bryan/College Station,3.2857142857142856,0.166,0.195,10,8,2,1.714,64,61,11,13,2,386,315.143
2020-05-11,TSA-N,Bryan/College Station,3.5714285714285716,0.194,0.204,10,7.714,4,1.571,60,61.571,10.143,14,1,310,302.429
2020-05-10,TSA-N,Bryan/College Station,3.857142857142857,0.143,0.197,15,7.571,3,2,42,59.143,9.286,14,2,294,299.571
2020-05-09,TSA-N,Bryan/College Station,3.7142857142857144,0.173,0.204,7,6.286,1,2.429,52,60.571,9.429,9,3,300,296.571
2020-05-08,TSA-N,Bryan/College Station,3.4285714285714284,0.246,0.213,4,6.857,1,2.571,75,61.714,10.286,8,5,305,289.286
2020-05-07,TSA-N,Bryan/College Station,2.857142857142857,0.198,0.22,7,6.714,1,2.429,62,59,10.571,12,5,313,273.143
2020-05-06,TSA-N,Bryan/College Station,0,0.242,0,3,0,0,0,72,0,0,7,5,298,0
2020-05-05,TSA-N,Bryan/College Station,0,0.229,0,8,0,1,0,68,0,0,7,4,297,0
2020-05-04,TSA-N,Bryan/College Station,0,0.148,0,9,0,7,0,43,0,0,8,3,290,0
2020-05-03,TSA-N,Bryan/College Station,0,0.19,0,6,0,6,0,52,0,0,15,1,273,0
2020-05-02,TSA-N,Bryan/College Station,0,0.241,0,11,0,2,0,60,0,0,15,1,249,0
2020-05-01,TSA-N,Bryan/College Station,0,0.292,0,3,0,0,0,56,0,0,10,1,192,0
2020-05-21,TSA-O,Austin,17.857142857142858,0.121,0.1,25,19.429,2,8.571,103,87.714,29.286,22,8,848,923.429
2020-05-20,TSA-O,Austin,22.714285714285715,0.084,0.094,29,18,7,10,82,88.429,34.286,37,19,981,998.714
2020-05-19,TSA-O,Austin,24.285714285714285,0.081,0.096,23,15.429,13,9.571,112,92.286,35,48,34,1377,1016.714
2020-05-18,TSA-O,Austin,24.857142857142858,0.087,0.097,27,14.571,10,8.571,76,94.429,36.714,35,19,873,1035.286
2020-05-17,TSA-O,Austin,26.714285714285715,0.133,0.1,13,12.286,7,7.286,73,101.571,37.429,16,9,550,1074.857
2020-05-16,TSA-O,Austin,29.142857142857142,0.115,0.098,4,11.429,6,6.571,60,107.857,38.429,4,3,520,1136.571
2020-05-15,TSA-O,Austin,32.142857142857146,0.082,0.095,15,12.571,15,5.857,108,110,41.571,43,33,1315,1181.286
2020-05-14,TSA-O,Austin,30.142857142857142,0.079,0.097,15,11.571,12,4.286,108,107.857,40.714,57,42,1375,1127.286
2020-05-13,TSA-O,Austin,28,0.098,0.099,11,12,4,3.714,109,105.429,40.429,42,30,1107,1069.857
2020-05-12,TSA-O,Austin,27.428571428571427,0.084,0.095,17,12.857,6,4.143,127,105.286,42.714,60,38,1507,1128.571
2020-05-11,TSA-O,Austin,26.714285714285715,0.11,0.097,11,12.714,1,4.571,126,105.429,42.714,40,32,1150,1107.143
2020-05-10,TSA-O,Austin,26.285714285714285,0.119,0.094,7,13.143,2,5,117,102.571,42.571,23,26,982,1106.429
2020-05-09,TSA-O,Austin,26.714285714285715,0.09,0.088,12,25,1,5.571,75,98.143,43.571,26,24,833,1123.143
2020-05-08,TSA-O,Austin,26,0.099,0.089,8,24.571,4,6,93,99.714,43.857,37,19,937,1130.571
2020-05-07,TSA-O,Austin,26.857142857142858,0.094,0.087,18,24.857,8,6.429,91,98.857,44.714,55,27,973,1152.571
2020-05-06,TSA-O,Austin,0,0.071,0,17,0,7,0,108,0,0,58,26,1518,0
2020-05-05,TSA-O,Austin,0,0.094,0,16,0,9,0,128,0,0,60,33,1357,0
2020-05-04,TSA-O,Austin,0,0.093,0,14,0,4,0,106,0,0,39,29,1145,0
2020-05-03,TSA-O,Austin,0,0.078,0,90,0,6,0,86,0,0,30,29,1099,0
2020-05-02,TSA-O,Austin,0,0.097,0,9,0,4,0,86,0,0,28,19,885,0
2020-05-01,TSA-O,Austin,0,0.08,0,10,0,7,0,87,0,0,43,25,1091,0
2020-05-21,TSA-P,San Antonio,32.714285714285715,0.048,0.054,52,35.714,14,14.571,107,115.857,53,55,35,2233,2170
2020-05-20,TSA-P,San Antonio,31.571428571428573,0.043,0.053,48,32.714,11,14.286,104,113.714,50.571,64,31,2392,2145.714
2020-05-19,TSA-P,San Antonio,32.42857142857143,0.057,0.056,32,29,17,16.714,140,114.286,44.857,64,29,2475,2059.571
2020-05-18,TSA-P,San Antonio,35.57142857142857,0.056,0.062,30,28.857,18,16.714,110,127.429,38.571,49,35,1973,2038.286
2020-05-17,TSA-P,San Antonio,36,0.056,0.061,37,28.571,21,16.143,109,124.286,36.429,45,35,1938,2008.429
2020-05-16,TSA-P,San Antonio,35.857142857142854,0.052,0.06,17,29,13,15.286,109,120.429,32.714,46,36,2103,1964.714
2020-05-15,TSA-P,San Antonio,35.57142857142857,0.064,0.062,34,31.857,8,15.286,132,122.857,29.714,48,28,2076,1950.571
2020-05-14,TSA-P,San Antonio,36.42857142857143,0.045,0.06,31,30.143,12,16.286,92,118.143,28.143,38,27,2063,1921.571
2020-05-13,TSA-P,San Antonio,37.285714285714285,0.06,0.061,22,32.571,28,15.857,108,120.571,27.714,24,37,1789,1915
2020-05-12,TSA-P,San Antonio,37.285714285714285,0.1,0.06,31,33.714,17,13.571,232,120.857,27,20,51,2326,1957.429
2020-05-11,TSA-P,San Antonio,34.857142857142854,0.05,0.057,28,33.286,14,13.286,88,110.857,29.143,34,38,1764,1927.143
2020-05-10,TSA-P,San Antonio,34,0.05,0.056,40,34.143,15,12,82,109.286,29.286,19,34,1632,1938.429
2020-05-09,TSA-P,San Antonio,33.714285714285715,0.063,0.057,37,31.571,13,11,126,110.714,30.714,25,34,2004,1949
2020-05-08,TSA-P,San Antonio,34.42857142857143,0.053,0.057,22,31.857,15,11.714,99,109.857,29.714,37,34,1873,1934.571
2020-05-07,TSA-P,San Antonio,34.57142857142857,0.054,0.055,48,32.571,9,11,109,107.143,27.143,35,33,2017,1921
2020-05-06,TSA-P,San Antonio,0,0.053,0,30,0,12,0,110,0,0,19,37,2086,0
2020-05-05,TSA-P,San Antonio,0,0.077,0,28,0,15,0,162,0,0,35,34,2114,0
2020-05-04,TSA-P,San Antonio,0,0.042,0,34,0,5,0,77,0,0,35,32,1843,0
2020-05-03,TSA-P,San Antonio,0,0.054,0,22,0,8,0,92,0,0,29,32,1706,0
2020-05-02,TSA-P,San Antonio,0,0.063,0,39,0,18,0,120,0,0,18,39,1903,0
2020-05-01,TSA-P,San Antonio,0,0.045,0,27,0,10,0,80,0,0,19,35,1778,0
2020-05-21,TSA-Q,Houston,191,0.127,0.128,191,178.857,74,57.286,586,554.571,225.714,199,207,4600,4303.857
2020-05-20,TSA-Q,Houston,186.28571428571428,0.139,0.128,206,178.857,56,53,615,551,229.714,219,225,4422,4285
2020-05-19,TSA-Q,Houston,180.57142857142858,0.138,0.126,200,173.286,71,55.143,652,538.571,230.714,250,193,4730,4257.429
2020-05-18,TSA-Q,Houston,178.42857142857142,0.126,0.123,140,171.429,60,52.286,502,527.286,231.714,242,191,3994,4276.714
2020-05-17,TSA-Q,Houston,179.28571428571428,0.114,0.124,131,173.857,44,52.143,462,525.714,231.286,218,179,4039,4233.714
2020-05-16,TSA-Q,Houston,177.85714285714286,0.119,0.125,138,179.714,44,53.143,464,525.429,233.429,210,170,3897,4215.143
2020-05-15,TSA-Q,Houston,180.28571428571428,0.135,0.126,246,190.429,52,58.143,601,531.286,240.429,242,172,4445,4239.857
2020-05-14,TSA-Q,Houston,182.42857142857142,0.126,0.125,191,182.143,44,58.571,561,526,242.857,227,174,4468,4234.286
2020-05-13,TSA-Q,Houston,186,0.125,0.124,167,182.714,71,59.571,528,515.143,243.429,226,185,4229,4160.857
2020-05-12,TSA-Q,Houston,188.14285714285714,0.118,0.124,187,186.429,51,56.714,573,515.857,247.286,257,178,4865,4171.714
2020-05-11,TSA-Q,Houston,192,0.133,0.127,157,191.286,59,58.286,491,523,243.571,239,197,3693,4132.429
2020-05-10,TSA-Q,Houston,191.28571428571428,0.118,0.126,172,193.571,51,58.429,460,522.143,259.714,233,169,3909,4152.714
2020-05-09,TSA-Q,Houston,187.85714285714286,0.124,0.13,213,190.571,79,58,505,525.571,252.714,259,187,4070,4055.571
2020-05-08,TSA-Q,Houston,188.57142857142858,0.128,0.135,188,190.857,55,55,564,547.429,250.286,259,187,4406,4060.143
2020-05-07,TSA-Q,Houston,191.42857142857142,0.123,0.137,195,188.571,51,58.571,485,549.857,251.571,231,199,3954,4034.429
2020-05-06,TSA-Q,Houston,0,0.124,0,193,0,51,0,533,0,0,253,200,4305,0
2020-05-05,TSA-Q,Houston,0,0.136,0,221,0,62,0,623,0,0,231,205,4590,0
2020-05-04,TSA-Q,Houston,0,0.126,0,173,0,60,0,485,0,0,352,192,3835,0
2020-05-03,TSA-Q,Houston,0,0.15,0,151,0,48,0,484,0,0,184,145,3229,0
2020-05-02,TSA-Q,Houston,0,0.16,0,215,0,58,0,658,0,0,242,192,4102,0
2020-05-01,TSA-Q,Houston,0,0.137,0,172,0,80,0,581,0,0,268,207,4226,0
2020-05-21,TSA-R,Galveston,42.857142857142854,0.137,0.157,12,16.714,3,4.571,126,133.286,74,74,43,922,849.429
2020-05-20,TSA-R,Galveston,40.142857142857146,0.174,0.158,28,18.286,9,5.857,154,134,67.857,71,46,886,842.714
2020-05-19,TSA-R,Galveston,36,0.17,0.154,22,15.286,4,6,160,129.286,61.857,70,47,940,836.571
2020-05-18,TSA-R,Galveston,32,0.169,0.154,13,14.429,4,5.714,139,129.286,55.857,77,46,821,835.857
2020-05-17,TSA-R,Galveston,28.142857142857142,0.141,0.15,18,14,4,5.429,104,124.571,47.857,69,42,740,825.286
2020-05-16,TSA-R,Galveston,24.428571428571427,0.144,0.149,15,12.571,4,5.714,117,123.286,43.143,75,37,812,820.714
2020-05-15,TSA-R,Galveston,21.428571428571427,0.161,0.151,9,12.714,4,5.571,133,127.857,37.571,82,39,825,842.286
2020-05-14,TSA-R,Galveston,18.428571428571427,0.15,0.15,23,12.429,12,5.429,131,126.714,31.571,31,24,875,842.286
2020-05-13,TSA-R,Galveston,17.714285714285715,0.144,0.148,7,11.571,10,4,121,125.857,32,29,17,843,843.571
2020-05-12,TSA-R,Galveston,17.714285714285715,0.171,0.151,16,13.286,2,3,160,128.714,33.571,28,19,935,848.857
2020-05-11,TSA-R,Galveston,19,0.142,0.152,10,14.714,2,3.143,106,128,41.857,21,19,747,837.429
2020-05-10,TSA-R,Galveston,19.857142857142858,0.134,0.154,8,15.286,6,3.143,95,129.714,52.143,36,16,708,840.857
2020-05-09,TSA-R,Galveston,20.714285714285715,0.155,0.156,16,15.429,3,2.714,149,131.714,56.429,36,16,963,843.286
2020-05-08,TSA-R,Galveston,21.571428571428573,0.152,0.16,7,14.857,3,2.429,125,127.571,62.571,40,18,825,798.571
2020-05-07,TSA-R,Galveston,24.285714285714285,0.141,0.159,17,18.286,2,2.143,125,125.429,70,34,19,884,790.286
2020-05-06,TSA-R,Galveston,0,0.16,0,19,0,3,0,141,0,0,40,17,880,0
2020-05-05,TSA-R,Galveston,0,0.181,0,26,0,3,0,155,0,0,86,28,855,0
2020-05-04,TSA-R,Galveston,0,0.153,0,14,0,2,0,118,0,0,93,25,771,0
2020-05-03,TSA-R,Galveston,0,0.15,0,9,0,3,0,109,0,0,66,22,725,0
2020-05-02,TSA-R,Galveston,0,0.185,0,12,0,1,0,120,0,0,79,22,650,0
2020-05-01,TSA-R,Galveston,0,0.143,0,31,0,1,0,110,0,0,92,37,767,0
2020-05-21,TSA-S,Victoria,2.5714285714285716,0.051,0.061,0,1.571,1,1.143,11,13.143,10.571,13,2,217,212.429
2020-05-20,TSA-S,Victoria,2.857142857142857,0.065,0.074,3,2.286,2,1.286,17,15.571,9.857,10,1,260,210
2020-05-19,TSA-S,Victoria,3.2857142857142856,0.067,0.078,3,2.143,0,1.429,16,15.714,9.571,9,1,238,200.714
2020-05-18,TSA-S,Victoria,3.5714285714285716,0.052,0.08,1,2.857,0,1.571,10,15.857,10.286,10,2,192,196.857
2020-05-17,TSA-S,Victoria,3.4285714285714284,0.034,0.084,0,3.143,0,1.857,6,16.429,11.143,11,4,179,195.286
2020-05-16,TSA-S,Victoria,3.142857142857143,0.084,0.09,1,3.571,0,2,15,17.571,11.857,10,4,179,196.143
2020-05-15,TSA-S,Victoria,2.857142857142857,0.077,0.089,3,3.857,5,2.143,17,17.429,12.571,11,4,222,196.143
2020-05-14,TSA-S,Victoria,2.5714285714285716,0.14,0.1,5,4.714,2,2.571,28,19.429,13.286,8,4,200,193
2020-05-13,TSA-S,Victoria,2.2857142857142856,0.092,0.094,2,4.286,3,2.429,18,18.286,14.714,8,4,195,192.857
2020-05-12,TSA-S,Victoria,2.142857142857143,0.081,0.099,8,4.714,1,2.714,17,19.429,16.143,14,3,211,194
2020-05-11,TSA-S,Victoria,2.2857142857142856,0.077,0.11,3,4.143,2,3.286,14,22,16.571,16,1,181,196.714
2020-05-10,TSA-S,Victoria,2.4285714285714284,0.076,0.109,3,4.714,1,3.714,14,22,17.143,16,2,185,198.286
2020-05-09,TSA-S,Victoria,2.857142857142857,0.078,0.125,3,5,1,4.857,14,25.143,17.571,15,2,179,199.714
2020-05-08,TSA-S,Victoria,3.142857142857143,0.155,0.126,9,4.857,8,5.429,31,25.714,18.286,16,2,200,203
2020-05-07,TSA-S,Victoria,4,0.101,0.121,2,4.143,1,4.857,20,24.429,19,18,2,199,200.429
2020-05-06,TSA-S,Victoria,0,0.128,0,5,0,5,0,26,0,0,18,3,203,0
2020-05-05,TSA-S,Victoria,0,0.152,0,4,0,5,0,35,0,0,17,4,230,0
2020-05-04,TSA-S,Victoria,0,0.073,0,7,0,5,0,14,0,0,20,2,192,0
2020-05-03,TSA-S,Victoria,0,0.185,0,5,0,9,0,36,0,0,19,5,195,0
2020-05-02,TSA-S,Victoria,0,0.089,0,2,0,5,0,18,0,0,20,4,202,0
2020-05-01,TSA-S,Victoria,0,0.121,0,4,0,4,0,22,0,0,21,8,182,0
2020-05-21,TSA-T,Laredo,8.428571428571429,0.13,0.077,1,0.429,0,0.857,21,13.571,5.714,6,8,162,180.571
2020-05-20,TSA-T,Laredo,8.285714285714286,0.067,0.07,1,0.429,0,0.857,14,12.571,6,6,8,209,181
2020-05-19,TSA-T,Laredo,8.285714285714286,0.074,0.073,1,0.286,1,1,16,12.429,6,5,8,216,173.286
2020-05-18,TSA-T,Laredo,8.142857142857142,0.038,0.071,0,0.143,1,0.857,7,11.143,6.143,4,9,186,158.143
2020-05-17,TSA-T,Laredo,7.857142857142857,0.041,0.096,0,0.286,0,0.714,7,12.857,6.571,5,9,169,144.429
2020-05-16,TSA-T,Laredo,8,0.086,0.101,0,0.286,2,0.714,14,13.429,6.857,6,9,163,140.429
2020-05-15,TSA-T,Laredo,8,0.101,0.103,0,0.429,2,0.429,16,13.571,7.286,8,8,159,138.571
2020-05-14,TSA-T,Laredo,8.285714285714286,0.085,0.105,1,0.714,0,0.286,14,13.857,7.286,8,7,165,138.714
2020-05-13,TSA-T,Laredo,8.571428571428571,0.084,0.112,0,0.714,1,0.286,13,14.571,7.429,6,8,155,135.286
2020-05-12,TSA-T,Laredo,8.714285714285714,0.064,0.114,0,0.714,0,0.143,7,14.286,8,6,7,110,129.429
2020-05-11,TSA-T,Laredo,9,0.211,0.127,1,0.714,0,0.286,19,15.857,8.429,7,7,90,130.429
2020-05-10,TSA-T,Laredo,9.428571428571429,0.078,0.111,0,1,0,0.571,11,14.714,8.857,7,10,141,132.571
2020-05-09,TSA-T,Laredo,9.714285714285714,0.1,0.107,1,1.857,0,0.571,15,14,9.429,9,9,150,130
2020-05-08,TSA-T,Laredo,9.857142857142858,0.112,0.118,2,1.857,1,0.857,18,15,9.714,8,10,160,126.714
2020-05-07,TSA-T,Laredo,9.857142857142858,0.135,0.115,1,1.571,0,0.714,19,13.714,10,9,9,141,118.143
2020-05-06,TSA-T,Laredo,0,0.096,0,0,0,0,0,11,0,0,10,9,114,0
2020-05-05,TSA-T,Laredo,0,0.154,0,0,0,1,0,18,0,0,9,9,117,0
2020-05-04,TSA-T,Laredo,0,0.105,0,3,0,2,0,11,0,0,10,10,105,0
2020-05-03,TSA-T,Laredo,0,0.049,0,6,0,0,0,6,0,0,11,12,123,0
2020-05-02,TSA-T,Laredo,0,0.173,0,1,0,2,0,22,0,0,11,10,127,0
2020-05-01,TSA-T,Laredo,0,0.09,0,0,0,0,0,9,0,0,10,10,100,0
2020-05-21,TSA-U,Corpus Christi,2.857142857142857,0.04,0.055,11,11.714,8,4.571,26,34.857,6.714,8,5,648,633.714
2020-05-20,TSA-U,Corpus Christi,3.4285714285714284,0.044,0.057,4,13.286,2,4.714,30,35.857,7.429,3,2,682,630.571
2020-05-19,TSA-U,Corpus Christi,3.5714285714285716,0.05,0.059,12,14.286,6,5.429,34,36.714,8.857,6,6,685,623.143
2020-05-18,TSA-U,Corpus Christi,3.142857142857143,0.048,0.06,17,14.429,4,5.143,29,37.143,8.714,5,1,603,620.714
2020-05-17,TSA-U,Corpus Christi,3.5714285714285716,0.082,0.059,18,13.143,6,5.286,48,36.286,8.714,6,1,588,614
2020-05-16,TSA-U,Corpus Christi,4.142857142857143,0.067,0.055,10,12.286,4,5.429,44,33.571,8.429,6,1,656,606.857
2020-05-15,TSA-U,Corpus Christi,4.571428571428571,0.057,0.054,10,13.571,2,5.571,33,32.286,8.286,13,4,574,591
2020-05-14,TSA-U,Corpus Christi,4.428571428571429,0.053,0.054,22,15.571,9,5.857,33,32.143,7.143,13,9,626,593.429
2020-05-13,TSA-U,Corpus Christi,3.4285714285714284,0.057,0.055,11,14.714,7,4.857,36,32,5.714,13,3,630,577.857
2020-05-12,TSA-U,Corpus Christi,3.2857142857142856,0.055,0.059,13,15.857,4,4.429,37,33.857,4.429,5,3,668,575.143
2020-05-11,TSA-U,Corpus Christi,3,0.041,0.06,8,17.714,5,5,23,34.143,4.143,5,4,556,568.714
2020-05-10,TSA-U,Corpus Christi,2.4285714285714284,0.054,0.062,12,19.571,7,4.857,29,35.143,4,4,5,538,567.714
2020-05-09,TSA-U,Corpus Christi,2.4285714285714284,0.064,0.064,19,20.143,5,5.714,35,36.857,5,5,4,545,571.857
2020-05-08,TSA-U,Corpus Christi,2.5714285714285716,0.054,0.061,24,20,4,6.286,32,35.143,5.857,5,3,591,574.857
2020-05-07,TSA-U,Corpus Christi,2.2857142857142856,0.062,0.063,16,20.429,2,6.857,32,36.143,5.571,3,2,517,574.571
2020-05-06,TSA-U,Corpus Christi,0,0.08,0,19,0,4,0,49,0,0,4,2,611,0
2020-05-05,TSA-U,Corpus Christi,0,0.063,0,26,0,8,0,39,0,0,3,1,623,0
2020-05-04,TSA-U,Corpus Christi,0,0.055,0,21,0,4,0,30,0,0,4,0,549,0
2020-05-03,TSA-U,Corpus Christi,0,0.072,0,16,0,13,0,41,0,0,11,5,567,0
2020-05-02,TSA-U,Corpus Christi,0,0.041,0,18,0,9,0,23,0,0,11,5,566,0
2020-05-01,TSA-U,Corpus Christi,0,0.066,0,27,0,8,0,39,0,0,3,1,589,0
2020-05-21,TSA-V,Lower Rio Grande Valley,12.285714285714286,0.081,0.073,16,17.286,6,4,89,74.857,20.857,18,12,1098,1016.571
2020-05-20,TSA-V,Lower Rio Grande Valley,12.428571428571429,0.098,0.074,16,16.714,6,4.429,103,73.429,22,18,11,1051,993.429
2020-05-19,TSA-V,Lower Rio Grande Valley,12.428571428571429,0.078,0.07,18,17.571,4,4.714,80,69.429,22.429,20,10,1030,992.143
2020-05-18,TSA-V,Lower Rio Grande Valley,12.571428571428571,0.057,0.07,15,18.429,3,5.714,60,69.429,23,20,16,1052,993.286
2020-05-17,TSA-V,Lower Rio Grande Valley,11.857142857142858,0.072,0.073,15,17.857,4,6.571,65,70.571,23.714,22,14,903,968.571
2020-05-16,TSA-V,Lower Rio Grande Valley,11.285714285714286,0.075,0.074,22,17.571,3,6.286,79,71.286,24.143,22,11,1050,967.286
2020-05-15,TSA-V,Lower Rio Grande Valley,11,0.052,0.072,19,15.714,2,6.429,48,68.857,24.714,26,12,932,962.429
2020-05-14,TSA-V,Lower Rio Grande Valley,11,0.084,0.077,12,15.571,9,6.857,79,74.286,24.571,26,13,936,966.429
2020-05-13,TSA-V,Lower Rio Grande Valley,10.714285714285714,0.072,0.075,22,15.286,8,7.143,75,72.571,22.286,21,11,1042,963.429
2020-05-12,TSA-V,Lower Rio Grande Valley,11.428571428571429,0.077,0.073,24,15.143,11,6.714,80,70,22,24,11,1038,964.857
2020-05-11,TSA-V,Lower Rio Grande Valley,12,0.077,0.07,11,13.857,9,5.429,68,66.714,21.429,25,11,879,961.714
2020-05-10,TSA-V,Lower Rio Grande Valley,12.571428571428571,0.078,0.068,13,15.143,2,4.857,70,66.286,21,25,10,894,977.571
2020-05-09,TSA-V,Lower Rio Grande Valley,12.857142857142858,0.061,0.067,9,15.286,4,5,62,65.143,20.857,26,9,1016,982.714
2020-05-08,TSA-V,Lower Rio Grande Valley,13.428571428571429,0.09,0.069,18,16.571,5,5,86,66.143,20.286,25,12,960,968.286
2020-05-07,TSA-V,Lower Rio Grande Valley,13.428571428571429,0.073,0.065,10,16.143,11,4.714,67,61.571,19.286,10,11,915,956.286
2020-05-06,TSA-V,Lower Rio Grande Valley,0,0.054,0,21,0,5,0,57,0,0,19,16,1052,0
2020-05-05,TSA-V,Lower Rio Grande Valley,0,0.056,0,15,0,2,0,57,0,0,20,15,1016,0
2020-05-04,TSA-V,Lower Rio Grande Valley,0,0.066,0,20,0,5,0,65,0,0,22,15,990,0
2020-05-03,TSA-V,Lower Rio Grande Valley,0,0.067,0,14,0,3,0,62,0,0,24,12,930,0
2020-05-02,TSA-V,Lower Rio Grande Valley,0,0.075,0,18,0,4,0,69,0,0,22,13,915,0
2020-05-01,TSA-V,Lower Rio Grande Valley,0,0.062,0,15,0,3,0,54,0,0,18,12,876,0
